{
	"animations": [
		{
			"offsets": [
				-5,
				0
			],
			"loop": false,
			"fps": 24,
			"anim": "idle",
			"indices": [],
			"name": "BF idle dance"
		},
		{
			"offsets": [
				-11,
				-6
			],
			"loop": false,
			"fps": 24,
			"anim": "singLEFT",
			"indices": [],
			"name": "BF NOTE LEFT0"
		},
		{
			"offsets": [
				-23,
				-54
			],
			"loop": false,
			"fps": 24,
			"anim": "singDOWN",
			"indices": [],
			"name": "BF NOTE DOWN0"
		},
		{
			"offsets": [
				-58,
				29
			],
			"loop": false,
			"fps": 24,
			"anim": "singUP",
			"indices": [],
			"name": "BF NOTE UP0"
		},
		{
			"offsets": [
				-58,
				-6
			],
			"loop": false,
			"fps": 24,
			"anim": "singRIGHT",
			"indices": [],
			"name": "BF NOTE RIGHT0"
		},
		{
			"offsets": [
				-11,
				17
			],
			"loop": false,
			"fps": 24,
			"anim": "singLEFTmiss",
			"indices": [],
			"name": "BF NOTE LEFT MISS"
		},
		{
			"offsets": [
				-16,
				-21
			],
			"loop": false,
			"fps": 24,
			"anim": "singDOWNmiss",
			"indices": [],
			"name": "BF NOTE DOWN MISS"
		},
		{
			"offsets": [
				-52,
				26
			],
			"loop": false,
			"fps": 24,
			"anim": "singUPmiss",
			"indices": [],
			"name": "BF NOTE UP MISS"
		},
		{
			"offsets": [
				-52,
				19
			],
			"loop": false,
			"fps": 24,
			"anim": "singRIGHTmiss",
			"indices": [],
			"name": "BF NOTE RIGHT MISS"
		},
		{
			"offsets": [
				3,
				19
			],
			"loop": false,
			"fps": 24,
			"anim": "hurt",
			"indices": [],
			"name": "BF hit"
		},
		{
			"offsets": [
				3,
				19
			],
			"loop": true,
			"fps": 24,
			"anim": "hurt-loop",
			"indices": [],
			"name": "BF hit Loop"
		},
		{
			"offsets": [
				-20,
				1
			],
			"loop": true,
			"fps": 24,
			"anim": "scared",
			"indices": [],
			"name": "BF idle shaking"
		},
		{
			"offsets": [
				504,
				245
			],
			"loop": false,
			"fps": 24,
			"anim": "attack",
			"indices": [],
			"name": "boyfriend attack"
		},
		{
			"offsets": [
				-51,
				-38
			],
			"loop": false,
			"fps": 24,
			"anim": "pre-attack",
			"indices": [],
			"name": "bf pre attack"
		},
		{
			"loop": false,
			"offsets": [
				-17,
				5
			],
			"anim": "hey",
			"fps": 24,
			"name": "BF HEY!!",
			"indices": []
		},
		{
			"loop": false,
			"offsets": [
				25,
				6
			],
			"anim": "beatLEFT",
			"fps": 24,
			"name": "BF LEFT BEATBOX",
			"indices": []
		},
		{
			"loop": false,
			"offsets": [
				24,
				-54
			],
			"anim": "beatDOWN",
			"fps": 24,
			"name": "BF DOWN BEATBOX",
			"indices": []
		},
		{
			"loop": false,
			"offsets": [
				-54,
				-2
			],
			"anim": "beatRIGHT",
			"fps": 24,
			"name": "BF RIGHT  BEATBOX",
			"indices": []
		},
		{
			"loop": false,
			"offsets": [
				-23,
				27
			],
			"anim": "beatUP",
			"fps": 24,
			"name": "BF UP BEATBOX",
			"indices": []
		},
		{
			"loop": false,
			"offsets": [
				9,
				16
			],
			"anim": "singLEFT-alt",
			"fps": 24,
			"name": "ALT 2 BF LEFT",
			"indices": []
		},
		{
			"loop": false,
			"offsets": [
				-33,
				-70
			],
			"anim": "singDOWN-alt",
			"fps": 24,
			"name": "ALT 2 BF DOWN",
			"indices": []
		},
		{
			"loop": false,
			"offsets": [
				-89,
				64
			],
			"anim": "singUP-alt",
			"fps": 24,
			"name": "ALT 2 BF UP",
			"indices": []
		},
		{
			"loop": false,
			"offsets": [
				-17,
				-8
			],
			"anim": "singRIGHT-alt",
			"fps": 24,
			"name": "ALT 2 BF RIGHT",
			"indices": []
		},
		{
			"loop": false,
			"offsets": [
				0,
				5
			],
			"anim": "beatLEFT-alt",
			"fps": 24,
			"name": "beatbox-alt LEFT",
			"indices": []
		},
		{
			"loop": false,
			"offsets": [
				-14,
				-50
			],
			"anim": "beatDOWN-alt",
			"fps": 24,
			"name": "beatbox-alt DOWN",
			"indices": []
		},
		{
			"loop": false,
			"offsets": [
				-86,
				50
			],
			"anim": "beatUP-alt",
			"fps": 24,
			"name": "beatbox-alt UP",
			"indices": []
		},
		{
			"loop": false,
			"offsets": [
				-32,
				22
			],
			"anim": "beatRIGHT-alt",
			"fps": 24,
			"name": "beatbox-alt RIGHT",
			"indices": []
		},
		{
			"loop": false,
			"offsets": [
				4,
				-40
			],
			"anim": "dodgeLEFT",
			"fps": 24,
			"name": "dodge LEFT",
			"indices": []
		},
		{
			"loop": false,
			"offsets": [
				56,
				-42
			],
			"anim": "dodgeDOWN",
			"fps": 24,
			"name": "dodge DOWN",
			"indices": []
		},
		{
			"loop": false,
			"offsets": [
				-50,
				-31
			],
			"anim": "dodgeRIGHT",
			"fps": 24,
			"name": "dodge RIGHT",
			"indices": []
		},
		{
			"loop": false,
			"offsets": [
				-12,
				4
			],
			"anim": "dodgeUP",
			"fps": 24,
			"name": "dodge UP",
			"indices": []
		},
		{
			"loop": false,
			"offsets": [
				-2,
				92
			],
			"anim": "hey-alt",
			"fps": 24,
			"name": "BF SIN GORRA",
			"indices": []
		}
	],
	"no_antialiasing": false,
	"image": "characters/bfzero",
	"position": [
		80,
		440
	],
	"healthicon": "bf",
	"flip_x": true,
	"healthbar_colors": [
		49,
		176,
		209
	],
	"camera_position": [
		100,
		-40
	],
	"sing_duration": 4,
	"scale": 2
}