{
	"animations": [
		{
			"offsets": [
				0,
				0
			],
			"loop": false,
			"fps": 12,
			"anim": "danceLeft",
			"indices": [],
			"name": "jax idle left"
		},
		{
			"offsets": [
				0,
				0
			],
			"loop": false,
			"fps": 12,
			"anim": "danceRight",
			"indices": [],
			"name": "jax idle right"
		},
		{
			"offsets": [
				-100,
				0
			],
			"loop": false,
			"fps": 12,
			"anim": "singLEFT",
			"indices": [],
			"name": "jax left"
		},
		{
			"offsets": [
				80,
				0
			],
			"loop": false,
			"fps": 12,
			"anim": "singRIGHT",
			"indices": [],
			"name": "jax right"
		},
		{
			"offsets": [
				0,
				-10
			],
			"loop": false,
			"fps": 12,
			"anim": "singUP",
			"indices": [],
			"name": "jax up"
		},
		{
			"offsets": [
				-20,
				10
			],
			"loop": false,
			"fps": 12,
			"anim": "singDOWN",
			"indices": [],
			"name": "jax down"
		}
	],
	"no_antialiasing": false,
	"image": "characters/jax",
	"position": [
		-200,
		10
	],
	"healthicon": "jax",
	"flip_x": false,
	"healthbar_colors": [
		255,
		242,
		0
	],
	"camera_position": [
		-250,
		-210
	],
	"sing_duration": 6.1,
	"scale": 2
}