{
	"animations": [
		{
			"offsets": [
				0,
				0
			],
			"loop": false,
			"fps": 12,
			"anim": "idle",
			"indices": [],
			"name": "pomni_foward idle"
		},
		{
			"offsets": [
				-30,
				0
			],
			"loop": false,
			"fps": 12,
			"anim": "singDOWN",
			"indices": [],
			"name": "pomni_foward down"
		},
		{
			"offsets": [
				-10,
				-10
			],
			"loop": false,
			"fps": 12,
			"anim": "singUP",
			"indices": [],
			"name": "pomni_foward up"
		},
		{
			"loop": false,
			"offsets": [
				10,
				0
			],
			"anim": "singLEFT",
			"fps": 12,
			"name": "pomni_foward left",
			"indices": []
		},
		{
			"loop": false,
			"offsets": [
				-30,
				0
			],
			"anim": "singRIGHT",
			"fps": 12,
			"name": "pomni_foward right",
			"indices": []
		}
	],
	"no_antialiasing": false,
	"image": "characters/pomni_foward",
	"position": [
		40,
		300
	],
	"healthicon": "pomni",
	"flip_x": true,
	"healthbar_colors": [
		249,
		74,
		103
	],
	"camera_position": [
		-150,
		-160
	],
	"sing_duration": 6.1,
	"scale": 2
}