<?xml version='1.0' encoding='utf-8'?>
<TextureAtlas imagePath="bfzero.png">
<SubTexture name="beatbox-alt DOWN0000" x="0" y="0" width="194" height="179" frameX="0" frameY="-2" frameWidth="195" frameHeight="181" />
<SubTexture name="beatbox-alt DOWN0001" x="0" y="0" width="194" height="179" frameX="0" frameY="-2" frameWidth="195" frameHeight="181" />
<SubTexture name="beatbox-alt DOWN0002" x="194" y="0" width="191" height="180" frameX="-2" frameY="-1" frameWidth="195" frameHeight="181" />
<SubTexture name="beatbox-alt DOWN0003" x="194" y="0" width="191" height="180" frameX="-2" frameY="-1" frameWidth="195" frameHeight="181" />
<SubTexture name="beatbox-alt DOWN0004" x="385" y="0" width="189" height="181" frameX="-3" frameY="0" frameWidth="195" frameHeight="181" />
<SubTexture name="beatbox-alt DOWN0005" x="574" y="0" width="189" height="181" frameX="-3" frameY="0" frameWidth="195" frameHeight="181" />
<SubTexture name="beatbox-alt DOWN0006" x="763" y="0" width="189" height="181" frameX="-3" frameY="0" frameWidth="195" frameHeight="181" />
<SubTexture name="beatbox-alt LEFT0000" x="952" y="0" width="199" height="208" frameX="0" frameY="-1" frameWidth="202" frameHeight="208" />
<SubTexture name="beatbox-alt LEFT0001" x="952" y="0" width="199" height="208" frameX="0" frameY="0" frameWidth="202" frameHeight="208" />
<SubTexture name="beatbox-alt LEFT0002" x="1152" y="0" width="198" height="208" frameX="-3" frameY="-1" frameWidth="202" frameHeight="208" />
<SubTexture name="beatbox-alt LEFT0003" x="1152" y="0" width="198" height="208" frameX="-3" frameY="-1" frameWidth="202" frameHeight="208" />
<SubTexture name="beatbox-alt LEFT0004" x="1350" y="0" width="199" height="207" frameX="-3" frameY="-2" frameWidth="202" frameHeight="208" />
<SubTexture name="beatbox-alt LEFT0005" x="1549" y="0" width="199" height="207" frameX="-3" frameY="-2" frameWidth="202" frameHeight="208" />
<SubTexture name="beatbox-alt LEFT0006" x="0" y="208" width="199" height="207" frameX="-3" frameY="-2" frameWidth="202" frameHeight="208" />
<SubTexture name="beatbox-alt RIGHT0000" x="199" y="208" width="201" height="214" frameX="0" frameY="-4" frameWidth="203" frameHeight="217" />
<SubTexture name="beatbox-alt RIGHT0001" x="199" y="208" width="201" height="214" frameX="0" frameY="-3" frameWidth="203" frameHeight="217" />
<SubTexture name="beatbox-alt RIGHT0002" x="400" y="208" width="199" height="217" frameX="-4" frameY="-1" frameWidth="203" frameHeight="217" />
<SubTexture name="beatbox-alt RIGHT0003" x="400" y="208" width="199" height="217" frameX="-4" frameY="-1" frameWidth="203" frameHeight="217" />
<SubTexture name="beatbox-alt RIGHT0004" x="600" y="208" width="200" height="217" frameX="-4" frameY="-1" frameWidth="203" frameHeight="217" />
<SubTexture name="beatbox-alt RIGHT0005" x="800" y="208" width="200" height="217" frameX="-4" frameY="-1" frameWidth="203" frameHeight="217" />
<SubTexture name="beatbox-alt RIGHT0006" x="1000" y="208" width="200" height="218" frameX="-4" frameY="0" frameWidth="203" frameHeight="217" />
<SubTexture name="beatbox-alt UP0000" x="1200" y="208" width="186" height="231" frameX="-3" frameY="0" frameWidth="189" frameHeight="231" />
<SubTexture name="beatbox-alt UP0001" x="1200" y="208" width="186" height="231" frameX="-3" frameY="0" frameWidth="189" frameHeight="231" />
<SubTexture name="beatbox-alt UP0002" x="1386" y="208" width="186" height="228" frameX="-2" frameY="-4" frameWidth="189" frameHeight="231" />
<SubTexture name="beatbox-alt UP0003" x="1386" y="208" width="186" height="228" frameX="-2" frameY="-4" frameWidth="189" frameHeight="231" />
<SubTexture name="beatbox-alt UP0004" x="1572" y="208" width="187" height="226" frameX="0" frameY="-6" frameWidth="189" frameHeight="231" />
<SubTexture name="beatbox-alt UP0005" x="0" y="440" width="187" height="226" frameX="0" frameY="-6" frameWidth="189" frameHeight="231" />
<SubTexture name="beatbox-alt UP0006" x="187" y="440" width="187" height="226" frameX="0" frameY="-6" frameWidth="189" frameHeight="231" />
<SubTexture name="BF DOWN BEATBOX0000" x="375" y="440" width="197" height="177" frameX="-22" frameY="-3" frameWidth="218" frameHeight="179" />
<SubTexture name="BF DOWN BEATBOX0001" x="572" y="440" width="215" height="177" frameX="-4" frameY="-3" frameWidth="218" frameHeight="179" />
<SubTexture name="BF DOWN BEATBOX0002" x="787" y="440" width="216" height="179" frameX="0" frameY="-1" frameWidth="218" frameHeight="179" />
<SubTexture name="BF DOWN BEATBOX0003" x="1003" y="440" width="216" height="179" frameX="0" frameY="-1" frameWidth="218" frameHeight="179" />
<SubTexture name="BF Dead Loop0000" x="1219" y="440" width="220" height="216" frameX="0" frameY="-1" frameWidth="219" frameHeight="217" />
<SubTexture name="BF Dead confirm0000" x="1439" y="440" width="220" height="216" frameX="0" frameY="-33" frameWidth="219" frameHeight="249" />
<SubTexture name="BF Dead confirm0001" x="1659" y="440" width="220" height="222" frameX="0" frameY="-27" frameWidth="219" frameHeight="249" />
<SubTexture name="BF HEY!!0000" x="0" y="666" width="192" height="190" frameX="-16" frameY="-17" frameWidth="218" frameHeight="209" />
<SubTexture name="BF HEY!!0001" x="0" y="666" width="192" height="190" frameX="-16" frameY="-17" frameWidth="218" frameHeight="209" />
<SubTexture name="BF HEY!!0002" x="192" y="666" width="192" height="190" frameX="-16" frameY="-18" frameWidth="218" frameHeight="209" />
<SubTexture name="BF HEY!!0003" x="192" y="666" width="192" height="190" frameX="-16" frameY="-18" frameWidth="218" frameHeight="209" />
<SubTexture name="BF LEFT BEATBOX0000" x="384" y="666" width="211" height="209" frameX="-22" frameY="0" frameWidth="213" frameHeight="209" />
<SubTexture name="BF LEFT BEATBOX0001" x="595" y="666" width="208" height="209" frameX="-4" frameY="0" frameWidth="213" frameHeight="209" />
<SubTexture name="BF LEFT BEATBOX0002" x="803" y="666" width="212" height="207" frameX="-1" frameY="-2" frameWidth="213" frameHeight="209" />
<SubTexture name="BF LEFT BEATBOX0003" x="1016" y="666" width="232" height="207" frameX="0" frameY="-2" frameWidth="213" frameHeight="209" />
<SubTexture name="BF NOTE DOWN0000" x="1248" y="666" width="186" height="178" frameX="-1" frameY="-2" frameWidth="187" frameHeight="180" />
<SubTexture name="BF NOTE DOWN0001" x="1248" y="666" width="186" height="178" frameX="-1" frameY="-2" frameWidth="187" frameHeight="180" />
<SubTexture name="BF NOTE DOWN0002" x="1435" y="666" width="185" height="178" frameX="0" frameY="-1" frameWidth="187" frameHeight="180" />
<SubTexture name="BF NOTE DOWN0003" x="1435" y="666" width="185" height="178" frameX="0" frameY="-1" frameWidth="187" frameHeight="180" />
<SubTexture name="BF NOTE DOWN0004" x="1620" y="666" width="185" height="179" frameX="0" frameY="-1" frameWidth="187" frameHeight="180" />
<SubTexture name="BF NOTE DOWN0005" x="0" y="875" width="185" height="179" frameX="0" frameY="-1" frameWidth="187" frameHeight="180" />
<SubTexture name="BF NOTE DOWN0006" x="185" y="875" width="185" height="179" frameX="0" frameY="-1" frameWidth="187" frameHeight="180" />
<SubTexture name="BF NOTE DOWN MISS0000" x="370" y="875" width="187" height="178" frameX="-1" frameY="-18" frameWidth="189" frameHeight="196" />
<SubTexture name="BF NOTE DOWN MISS0001" x="557" y="875" width="188" height="196" frameX="-1" frameY="0" frameWidth="189" frameHeight="196" />
<SubTexture name="BF NOTE DOWN MISS0002" x="557" y="875" width="188" height="196" frameX="-1" frameY="0" frameWidth="189" frameHeight="196" />
<SubTexture name="BF NOTE DOWN MISS0003" x="745" y="875" width="189" height="194" frameX="0" frameY="-2" frameWidth="189" frameHeight="196" />
<SubTexture name="BF NOTE DOWN MISS0004" x="745" y="875" width="189" height="194" frameX="0" frameY="-2" frameWidth="189" frameHeight="196" />
<SubTexture name="BF NOTE DOWN MISS0005" x="745" y="875" width="189" height="194" frameX="0" frameY="-2" frameWidth="189" frameHeight="196" />
<SubTexture name="BF NOTE DOWN MISS0006" x="745" y="875" width="189" height="194" frameX="0" frameY="-2" frameWidth="189" frameHeight="196" />
<SubTexture name="BF NOTE DOWN MISS0007" x="745" y="875" width="189" height="194" frameX="0" frameY="-2" frameWidth="189" frameHeight="196" />
<SubTexture name="BF NOTE DOWN MISS0008" x="745" y="875" width="189" height="194" frameX="0" frameY="-2" frameWidth="189" frameHeight="196" />
<SubTexture name="BF NOTE DOWN MISS0009" x="745" y="875" width="189" height="194" frameX="0" frameY="-2" frameWidth="189" frameHeight="196" />
<SubTexture name="BF NOTE DOWN MISS0010" x="745" y="875" width="189" height="194" frameX="0" frameY="-2" frameWidth="189" frameHeight="196" />
<SubTexture name="BF NOTE DOWN MISS0011" x="745" y="875" width="189" height="194" frameX="0" frameY="-2" frameWidth="189" frameHeight="196" />
<SubTexture name="BF NOTE DOWN MISS0012" x="745" y="875" width="189" height="194" frameX="0" frameY="-2" frameWidth="189" frameHeight="196" />
<SubTexture name="BF NOTE DOWN MISS0013" x="745" y="875" width="189" height="194" frameX="0" frameY="-2" frameWidth="189" frameHeight="196" />
<SubTexture name="BF NOTE DOWN MISS0014" x="745" y="875" width="189" height="194" frameX="0" frameY="-2" frameWidth="189" frameHeight="196" />
<SubTexture name="BF NOTE DOWN MISS0015" x="745" y="875" width="189" height="194" frameX="0" frameY="-2" frameWidth="189" frameHeight="196" />
<SubTexture name="BF NOTE DOWN MISS0016" x="745" y="875" width="189" height="194" frameX="0" frameY="-2" frameWidth="189" frameHeight="196" />
<SubTexture name="BF NOTE DOWN MISS0017" x="745" y="875" width="189" height="194" frameX="0" frameY="-2" frameWidth="189" frameHeight="196" />
<SubTexture name="BF NOTE DOWN MISS0018" x="745" y="875" width="189" height="194" frameX="0" frameY="-2" frameWidth="189" frameHeight="196" />
<SubTexture name="BF NOTE DOWN MISS0019" x="745" y="875" width="189" height="194" frameX="0" frameY="-2" frameWidth="189" frameHeight="196" />
<SubTexture name="BF NOTE DOWN MISS0020" x="745" y="875" width="189" height="194" frameX="0" frameY="-2" frameWidth="189" frameHeight="196" />
<SubTexture name="BF NOTE DOWN MISS0021" x="745" y="875" width="189" height="194" frameX="0" frameY="-2" frameWidth="189" frameHeight="196" />
<SubTexture name="BF NOTE DOWN MISS0022" x="745" y="875" width="189" height="194" frameX="0" frameY="-2" frameWidth="189" frameHeight="196" />
<SubTexture name="BF NOTE DOWN MISS0023" x="745" y="875" width="189" height="194" frameX="0" frameY="-2" frameWidth="189" frameHeight="196" />
<SubTexture name="BF NOTE DOWN MISS0024" x="745" y="875" width="189" height="194" frameX="0" frameY="-2" frameWidth="189" frameHeight="196" />
<SubTexture name="BF NOTE DOWN MISS0025" x="745" y="875" width="189" height="194" frameX="0" frameY="-2" frameWidth="189" frameHeight="196" />
<SubTexture name="BF NOTE DOWN MISS0026" x="745" y="875" width="189" height="194" frameX="0" frameY="-2" frameWidth="189" frameHeight="196" />
<SubTexture name="BF NOTE DOWN MISS0027" x="745" y="875" width="189" height="194" frameX="0" frameY="-2" frameWidth="189" frameHeight="196" />
<SubTexture name="BF NOTE DOWN MISS0028" x="745" y="875" width="189" height="194" frameX="0" frameY="-2" frameWidth="189" frameHeight="196" />
<SubTexture name="BF NOTE LEFT0000" x="934" y="875" width="211" height="203" frameX="0" frameY="0" frameWidth="192" frameHeight="203" />
<SubTexture name="BF NOTE LEFT0001" x="934" y="875" width="211" height="203" frameX="0" frameY="0" frameWidth="192" frameHeight="203" />
<SubTexture name="BF NOTE LEFT0002" x="1146" y="875" width="186" height="203" frameX="-6" frameY="0" frameWidth="192" frameHeight="203" />
<SubTexture name="BF NOTE LEFT0003" x="1146" y="875" width="186" height="203" frameX="-6" frameY="0" frameWidth="192" frameHeight="203" />
<SubTexture name="BF NOTE LEFT0004" x="1332" y="875" width="206" height="201" frameX="-7" frameY="-2" frameWidth="192" frameHeight="203" />
<SubTexture name="BF NOTE LEFT0005" x="1538" y="875" width="206" height="201" frameX="-7" frameY="-2" frameWidth="192" frameHeight="203" />
<SubTexture name="BF NOTE LEFT0006" x="0" y="1079" width="186" height="201" frameX="-7" frameY="-2" frameWidth="192" frameHeight="203" />
<SubTexture name="BF NOTE LEFT MISS0000" x="934" y="875" width="211" height="203" frameX="0" frameY="-13" frameWidth="192" frameHeight="236" />
<SubTexture name="BF NOTE LEFT MISS0001" x="186" y="1079" width="184" height="236" frameX="-8" frameY="0" frameWidth="192" frameHeight="236" />
<SubTexture name="BF NOTE LEFT MISS0002" x="186" y="1079" width="184" height="236" frameX="-8" frameY="0" frameWidth="192" frameHeight="236" />
<SubTexture name="BF NOTE LEFT MISS0003" x="371" y="1079" width="185" height="236" frameX="-7" frameY="0" frameWidth="192" frameHeight="236" />
<SubTexture name="BF NOTE LEFT MISS0004" x="371" y="1079" width="185" height="236" frameX="-7" frameY="0" frameWidth="192" frameHeight="236" />
<SubTexture name="BF NOTE LEFT MISS0005" x="371" y="1079" width="185" height="236" frameX="-7" frameY="0" frameWidth="192" frameHeight="236" />
<SubTexture name="BF NOTE LEFT MISS0006" x="371" y="1079" width="185" height="236" frameX="-7" frameY="0" frameWidth="192" frameHeight="236" />
<SubTexture name="BF NOTE LEFT MISS0007" x="371" y="1079" width="185" height="236" frameX="-7" frameY="0" frameWidth="192" frameHeight="236" />
<SubTexture name="BF NOTE LEFT MISS0008" x="371" y="1079" width="185" height="236" frameX="-7" frameY="0" frameWidth="192" frameHeight="236" />
<SubTexture name="BF NOTE LEFT MISS0009" x="371" y="1079" width="185" height="236" frameX="-7" frameY="0" frameWidth="192" frameHeight="236" />
<SubTexture name="BF NOTE LEFT MISS0010" x="371" y="1079" width="185" height="236" frameX="-7" frameY="0" frameWidth="192" frameHeight="236" />
<SubTexture name="BF NOTE LEFT MISS0011" x="371" y="1079" width="185" height="236" frameX="-7" frameY="0" frameWidth="192" frameHeight="236" />
<SubTexture name="BF NOTE LEFT MISS0012" x="371" y="1079" width="185" height="236" frameX="-7" frameY="0" frameWidth="192" frameHeight="236" />
<SubTexture name="BF NOTE LEFT MISS0013" x="371" y="1079" width="185" height="236" frameX="-7" frameY="0" frameWidth="192" frameHeight="236" />
<SubTexture name="BF NOTE LEFT MISS0014" x="371" y="1079" width="185" height="236" frameX="-7" frameY="0" frameWidth="192" frameHeight="236" />
<SubTexture name="BF NOTE LEFT MISS0015" x="371" y="1079" width="185" height="236" frameX="-7" frameY="0" frameWidth="192" frameHeight="236" />
<SubTexture name="BF NOTE LEFT MISS0016" x="371" y="1079" width="185" height="236" frameX="-7" frameY="0" frameWidth="192" frameHeight="236" />
<SubTexture name="BF NOTE LEFT MISS0017" x="371" y="1079" width="185" height="236" frameX="-7" frameY="0" frameWidth="192" frameHeight="236" />
<SubTexture name="BF NOTE LEFT MISS0018" x="371" y="1079" width="185" height="236" frameX="-7" frameY="0" frameWidth="192" frameHeight="236" />
<SubTexture name="BF NOTE LEFT MISS0019" x="371" y="1079" width="185" height="236" frameX="-7" frameY="0" frameWidth="192" frameHeight="236" />
<SubTexture name="BF NOTE LEFT MISS0020" x="371" y="1079" width="185" height="236" frameX="-7" frameY="0" frameWidth="192" frameHeight="236" />
<SubTexture name="BF NOTE LEFT MISS0021" x="371" y="1079" width="185" height="236" frameX="-7" frameY="0" frameWidth="192" frameHeight="236" />
<SubTexture name="BF NOTE LEFT MISS0022" x="371" y="1079" width="185" height="236" frameX="-7" frameY="0" frameWidth="192" frameHeight="236" />
<SubTexture name="BF NOTE LEFT MISS0023" x="371" y="1079" width="185" height="236" frameX="-7" frameY="0" frameWidth="192" frameHeight="236" />
<SubTexture name="BF NOTE LEFT MISS0024" x="371" y="1079" width="185" height="236" frameX="-7" frameY="0" frameWidth="192" frameHeight="236" />
<SubTexture name="BF NOTE LEFT MISS0025" x="371" y="1079" width="185" height="236" frameX="-7" frameY="0" frameWidth="192" frameHeight="236" />
<SubTexture name="BF NOTE LEFT MISS0026" x="371" y="1079" width="185" height="236" frameX="-7" frameY="0" frameWidth="192" frameHeight="236" />
<SubTexture name="BF NOTE LEFT MISS0027" x="371" y="1079" width="185" height="236" frameX="-7" frameY="0" frameWidth="192" frameHeight="236" />
<SubTexture name="BF NOTE LEFT MISS0028" x="371" y="1079" width="185" height="236" frameX="-7" frameY="0" frameWidth="192" frameHeight="236" />
<SubTexture name="BF NOTE LEFT MISS0029" x="371" y="1079" width="185" height="236" frameX="-7" frameY="0" frameWidth="192" frameHeight="236" />
<SubTexture name="BF NOTE LEFT MISS0030" x="371" y="1079" width="185" height="236" frameX="-7" frameY="0" frameWidth="192" frameHeight="236" />
<SubTexture name="BF NOTE LEFT MISS0031" x="371" y="1079" width="185" height="236" frameX="-7" frameY="0" frameWidth="192" frameHeight="236" />
<SubTexture name="BF NOTE LEFT MISS0032" x="371" y="1079" width="185" height="236" frameX="-7" frameY="0" frameWidth="192" frameHeight="236" />
<SubTexture name="BF NOTE LEFT MISS0033" x="371" y="1079" width="185" height="236" frameX="-7" frameY="0" frameWidth="192" frameHeight="236" />
<SubTexture name="BF NOTE RIGHT0000" x="556" y="1079" width="205" height="202" frameX="-1" frameY="-1" frameWidth="206" frameHeight="203" />
<SubTexture name="BF NOTE RIGHT0001" x="556" y="1079" width="205" height="202" frameX="-1" frameY="-1" frameWidth="206" frameHeight="203" />
<SubTexture name="BF NOTE RIGHT0002" x="761" y="1079" width="205" height="203" frameX="0" frameY="0" frameWidth="206" frameHeight="203" />
<SubTexture name="BF NOTE RIGHT0003" x="761" y="1079" width="205" height="203" frameX="0" frameY="0" frameWidth="206" frameHeight="203" />
<SubTexture name="BF NOTE RIGHT0004" x="967" y="1079" width="204" height="203" frameX="0" frameY="-1" frameWidth="206" frameHeight="203" />
<SubTexture name="BF NOTE RIGHT0005" x="1171" y="1079" width="204" height="203" frameX="0" frameY="-1" frameWidth="206" frameHeight="203" />
<SubTexture name="BF NOTE RIGHT0006" x="1376" y="1079" width="204" height="203" frameX="0" frameY="-1" frameWidth="206" frameHeight="203" />
<SubTexture name="BF NOTE RIGHT MISS0000" x="1580" y="1079" width="205" height="202" frameX="-2" frameY="-16" frameWidth="207" frameHeight="217" />
<SubTexture name="BF NOTE RIGHT MISS0001" x="0" y="1315" width="198" height="216" frameX="0" frameY="0" frameWidth="207" frameHeight="217" />
<SubTexture name="BF NOTE RIGHT MISS0002" x="0" y="1315" width="198" height="216" frameX="0" frameY="0" frameWidth="207" frameHeight="217" />
<SubTexture name="BF NOTE RIGHT MISS0003" x="198" y="1315" width="199" height="216" frameX="-1" frameY="0" frameWidth="207" frameHeight="217" />
<SubTexture name="BF NOTE RIGHT MISS0004" x="198" y="1315" width="199" height="216" frameX="-1" frameY="0" frameWidth="207" frameHeight="217" />
<SubTexture name="BF NOTE RIGHT MISS0005" x="198" y="1315" width="199" height="216" frameX="-1" frameY="0" frameWidth="207" frameHeight="217" />
<SubTexture name="BF NOTE RIGHT MISS0006" x="198" y="1315" width="199" height="216" frameX="-1" frameY="0" frameWidth="207" frameHeight="217" />
<SubTexture name="BF NOTE RIGHT MISS0007" x="198" y="1315" width="199" height="216" frameX="-1" frameY="0" frameWidth="207" frameHeight="217" />
<SubTexture name="BF NOTE RIGHT MISS0008" x="198" y="1315" width="199" height="216" frameX="-1" frameY="0" frameWidth="207" frameHeight="217" />
<SubTexture name="BF NOTE RIGHT MISS0009" x="198" y="1315" width="199" height="216" frameX="-1" frameY="0" frameWidth="207" frameHeight="217" />
<SubTexture name="BF NOTE RIGHT MISS0010" x="198" y="1315" width="199" height="216" frameX="-1" frameY="0" frameWidth="207" frameHeight="217" />
<SubTexture name="BF NOTE RIGHT MISS0011" x="198" y="1315" width="199" height="216" frameX="-1" frameY="0" frameWidth="207" frameHeight="217" />
<SubTexture name="BF NOTE RIGHT MISS0012" x="198" y="1315" width="199" height="216" frameX="-1" frameY="0" frameWidth="207" frameHeight="217" />
<SubTexture name="BF NOTE RIGHT MISS0013" x="198" y="1315" width="199" height="216" frameX="-1" frameY="0" frameWidth="207" frameHeight="217" />
<SubTexture name="BF NOTE RIGHT MISS0014" x="198" y="1315" width="199" height="216" frameX="-1" frameY="0" frameWidth="207" frameHeight="217" />
<SubTexture name="BF NOTE RIGHT MISS0015" x="198" y="1315" width="199" height="216" frameX="-1" frameY="0" frameWidth="207" frameHeight="217" />
<SubTexture name="BF NOTE RIGHT MISS0016" x="198" y="1315" width="199" height="216" frameX="-1" frameY="0" frameWidth="207" frameHeight="217" />
<SubTexture name="BF NOTE RIGHT MISS0017" x="198" y="1315" width="199" height="216" frameX="-1" frameY="0" frameWidth="207" frameHeight="217" />
<SubTexture name="BF NOTE RIGHT MISS0018" x="198" y="1315" width="199" height="216" frameX="-1" frameY="0" frameWidth="207" frameHeight="217" />
<SubTexture name="BF NOTE RIGHT MISS0019" x="198" y="1315" width="199" height="216" frameX="-1" frameY="0" frameWidth="207" frameHeight="217" />
<SubTexture name="BF NOTE RIGHT MISS0020" x="198" y="1315" width="199" height="216" frameX="-1" frameY="0" frameWidth="207" frameHeight="217" />
<SubTexture name="BF NOTE RIGHT MISS0021" x="198" y="1315" width="199" height="216" frameX="-1" frameY="0" frameWidth="207" frameHeight="217" />
<SubTexture name="BF NOTE RIGHT MISS0022" x="198" y="1315" width="199" height="216" frameX="-1" frameY="0" frameWidth="207" frameHeight="217" />
<SubTexture name="BF NOTE RIGHT MISS0023" x="198" y="1315" width="199" height="216" frameX="-1" frameY="0" frameWidth="207" frameHeight="217" />
<SubTexture name="BF NOTE RIGHT MISS0024" x="198" y="1315" width="199" height="216" frameX="-1" frameY="0" frameWidth="207" frameHeight="217" />
<SubTexture name="BF NOTE RIGHT MISS0025" x="198" y="1315" width="199" height="216" frameX="-1" frameY="0" frameWidth="207" frameHeight="217" />
<SubTexture name="BF NOTE RIGHT MISS0026" x="198" y="1315" width="199" height="216" frameX="-1" frameY="0" frameWidth="207" frameHeight="217" />
<SubTexture name="BF NOTE RIGHT MISS0027" x="198" y="1315" width="199" height="216" frameX="-1" frameY="0" frameWidth="207" frameHeight="217" />
<SubTexture name="BF NOTE RIGHT MISS0028" x="198" y="1315" width="199" height="216" frameX="-1" frameY="0" frameWidth="207" frameHeight="217" />
<SubTexture name="BF NOTE RIGHT MISS0029" x="198" y="1315" width="199" height="216" frameX="-1" frameY="0" frameWidth="207" frameHeight="217" />
<SubTexture name="BF NOTE RIGHT MISS0030" x="198" y="1315" width="199" height="216" frameX="-1" frameY="0" frameWidth="207" frameHeight="217" />
<SubTexture name="BF NOTE RIGHT MISS0031" x="198" y="1315" width="199" height="216" frameX="-1" frameY="0" frameWidth="207" frameHeight="217" />
<SubTexture name="BF NOTE RIGHT MISS0032" x="198" y="1315" width="199" height="216" frameX="-1" frameY="0" frameWidth="207" frameHeight="217" />
<SubTexture name="BF NOTE RIGHT MISS0033" x="198" y="1315" width="199" height="216" frameX="-1" frameY="0" frameWidth="207" frameHeight="217" />
<SubTexture name="BF NOTE RIGHT MISS0034" x="198" y="1315" width="199" height="216" frameX="-1" frameY="0" frameWidth="207" frameHeight="217" />
<SubTexture name="BF NOTE RIGHT MISS0035" x="198" y="1315" width="199" height="216" frameX="-1" frameY="0" frameWidth="207" frameHeight="217" />
<SubTexture name="BF NOTE RIGHT MISS0036" x="198" y="1315" width="199" height="216" frameX="-1" frameY="0" frameWidth="207" frameHeight="217" />
<SubTexture name="BF NOTE RIGHT MISS0037" x="198" y="1315" width="199" height="216" frameX="-1" frameY="0" frameWidth="207" frameHeight="217" />
<SubTexture name="BF NOTE RIGHT MISS0038" x="198" y="1315" width="199" height="216" frameX="-1" frameY="0" frameWidth="207" frameHeight="217" />
<SubTexture name="BF NOTE RIGHT MISS0039" x="198" y="1315" width="199" height="216" frameX="-1" frameY="0" frameWidth="207" frameHeight="217" />
<SubTexture name="BF NOTE RIGHT MISS0040" x="198" y="1315" width="199" height="216" frameX="-1" frameY="0" frameWidth="207" frameHeight="217" />
<SubTexture name="BF NOTE RIGHT MISS0041" x="198" y="1315" width="199" height="216" frameX="-1" frameY="0" frameWidth="207" frameHeight="217" />
<SubTexture name="BF NOTE RIGHT MISS0042" x="198" y="1315" width="199" height="216" frameX="-1" frameY="0" frameWidth="207" frameHeight="217" />
<SubTexture name="BF NOTE RIGHT MISS0043" x="198" y="1315" width="199" height="216" frameX="-1" frameY="0" frameWidth="207" frameHeight="217" />
<SubTexture name="BF NOTE RIGHT MISS0044" x="198" y="1315" width="199" height="216" frameX="-1" frameY="0" frameWidth="207" frameHeight="217" />
<SubTexture name="BF NOTE RIGHT MISS0045" x="198" y="1315" width="199" height="216" frameX="-1" frameY="0" frameWidth="207" frameHeight="217" />
<SubTexture name="BF NOTE UP0000" x="397" y="1315" width="184" height="221" frameX="-4" frameY="0" frameWidth="188" frameHeight="221" />
<SubTexture name="BF NOTE UP0001" x="397" y="1315" width="184" height="221" frameX="-4" frameY="0" frameWidth="188" frameHeight="221" />
<SubTexture name="BF NOTE UP0002" x="581" y="1315" width="188" height="218" frameX="-1" frameY="-3" frameWidth="188" frameHeight="221" />
<SubTexture name="BF NOTE UP0003" x="581" y="1315" width="188" height="218" frameX="-1" frameY="-3" frameWidth="188" frameHeight="221" />
<SubTexture name="BF NOTE UP0004" x="770" y="1315" width="189" height="218" frameX="0" frameY="-4" frameWidth="188" frameHeight="221" />
<SubTexture name="BF NOTE UP0005" x="959" y="1315" width="189" height="218" frameX="0" frameY="-4" frameWidth="188" frameHeight="221" />
<SubTexture name="BF NOTE UP0006" x="1148" y="1315" width="189" height="218" frameX="0" frameY="-4" frameWidth="188" frameHeight="221" />
<SubTexture name="BF NOTE UP MISS0000" x="1337" y="1315" width="184" height="221" frameX="-5" frameY="0" frameWidth="189" frameHeight="221" />
<SubTexture name="BF NOTE UP MISS0001" x="1521" y="1315" width="180" height="213" frameX="0" frameY="-7" frameWidth="189" frameHeight="221" />
<SubTexture name="BF NOTE UP MISS0002" x="1521" y="1315" width="180" height="213" frameX="0" frameY="-7" frameWidth="189" frameHeight="221" />
<SubTexture name="BF NOTE UP MISS0003" x="0" y="1536" width="178" height="215" frameX="-1" frameY="-5" frameWidth="189" frameHeight="221" />
<SubTexture name="BF NOTE UP MISS0004" x="0" y="1536" width="178" height="215" frameX="-1" frameY="-5" frameWidth="189" frameHeight="221" />
<SubTexture name="BF NOTE UP MISS0005" x="0" y="1536" width="178" height="215" frameX="-1" frameY="-5" frameWidth="189" frameHeight="221" />
<SubTexture name="BF NOTE UP MISS0006" x="0" y="1536" width="178" height="215" frameX="-1" frameY="-5" frameWidth="189" frameHeight="221" />
<SubTexture name="BF NOTE UP MISS0007" x="0" y="1536" width="178" height="215" frameX="-1" frameY="-5" frameWidth="189" frameHeight="221" />
<SubTexture name="BF NOTE UP MISS0008" x="0" y="1536" width="178" height="215" frameX="-1" frameY="-5" frameWidth="189" frameHeight="221" />
<SubTexture name="BF NOTE UP MISS0009" x="0" y="1536" width="178" height="215" frameX="-1" frameY="-5" frameWidth="189" frameHeight="221" />
<SubTexture name="BF NOTE UP MISS0010" x="0" y="1536" width="178" height="215" frameX="-1" frameY="-5" frameWidth="189" frameHeight="221" />
<SubTexture name="BF NOTE UP MISS0011" x="0" y="1536" width="178" height="215" frameX="-1" frameY="-5" frameWidth="189" frameHeight="221" />
<SubTexture name="BF NOTE UP MISS0012" x="0" y="1536" width="178" height="215" frameX="-1" frameY="-5" frameWidth="189" frameHeight="221" />
<SubTexture name="BF NOTE UP MISS0013" x="0" y="1536" width="178" height="215" frameX="-1" frameY="-5" frameWidth="189" frameHeight="221" />
<SubTexture name="BF NOTE UP MISS0014" x="0" y="1536" width="178" height="215" frameX="-1" frameY="-5" frameWidth="189" frameHeight="221" />
<SubTexture name="BF NOTE UP MISS0015" x="0" y="1536" width="178" height="215" frameX="-1" frameY="-5" frameWidth="189" frameHeight="221" />
<SubTexture name="BF NOTE UP MISS0016" x="0" y="1536" width="178" height="215" frameX="-1" frameY="-5" frameWidth="189" frameHeight="221" />
<SubTexture name="BF NOTE UP MISS0017" x="0" y="1536" width="178" height="215" frameX="-1" frameY="-5" frameWidth="189" frameHeight="221" />
<SubTexture name="BF NOTE UP MISS0018" x="0" y="1536" width="178" height="215" frameX="-1" frameY="-5" frameWidth="189" frameHeight="221" />
<SubTexture name="BF NOTE UP MISS0019" x="0" y="1536" width="178" height="215" frameX="-1" frameY="-5" frameWidth="189" frameHeight="221" />
<SubTexture name="BF NOTE UP MISS0020" x="0" y="1536" width="178" height="215" frameX="-1" frameY="-5" frameWidth="189" frameHeight="221" />
<SubTexture name="BF NOTE UP MISS0021" x="0" y="1536" width="178" height="215" frameX="-1" frameY="-5" frameWidth="189" frameHeight="221" />
<SubTexture name="BF NOTE UP MISS0022" x="0" y="1536" width="178" height="215" frameX="-1" frameY="-5" frameWidth="189" frameHeight="221" />
<SubTexture name="BF NOTE UP MISS0023" x="0" y="1536" width="178" height="215" frameX="-1" frameY="-5" frameWidth="189" frameHeight="221" />
<SubTexture name="BF RIGHT  BEATBOX0000" x="178" y="1536" width="214" height="206" frameX="0" frameY="0" frameWidth="216" frameHeight="205" />
<SubTexture name="BF RIGHT  BEATBOX0001" x="393" y="1536" width="214" height="206" frameX="0" frameY="0" frameWidth="216" frameHeight="205" />
<SubTexture name="BF RIGHT  BEATBOX0002" x="607" y="1536" width="215" height="206" frameX="-1" frameY="0" frameWidth="216" frameHeight="205" />
<SubTexture name="BF RIGHT  BEATBOX0003" x="823" y="1536" width="215" height="206" frameX="-1" frameY="0" frameWidth="216" frameHeight="205" />
<SubTexture name="BF UP BEATBOX0000" x="1038" y="1536" width="170" height="220" frameX="-22" frameY="0" frameWidth="192" frameHeight="220" />
<SubTexture name="BF UP BEATBOX0001" x="1209" y="1536" width="189" height="220" frameX="-4" frameY="0" frameWidth="192" frameHeight="220" />
<SubTexture name="BF UP BEATBOX0002" x="1398" y="1536" width="211" height="219" frameX="-1" frameY="-1" frameWidth="192" frameHeight="220" />
<SubTexture name="BF UP BEATBOX0003" x="1609" y="1536" width="211" height="219" frameX="0" frameY="-1" frameWidth="192" frameHeight="220" />
<SubTexture name="BF dies0000" x="0" y="1757" width="239" height="216" frameX="0" frameY="-3" frameWidth="219" frameHeight="222" />
<SubTexture name="BF hit0000" x="239" y="1757" width="215" height="210" frameX="0" frameY="-8" frameWidth="225" frameHeight="218" />
<SubTexture name="BF idle dance0000" x="454" y="1757" width="197" height="194" frameX="-12" frameY="-12" frameWidth="212" frameHeight="206" />
<SubTexture name="BF idle dance0001" x="652" y="1757" width="195" height="194" frameX="-14" frameY="-12" frameWidth="212" frameHeight="206" />
<SubTexture name="BF idle dance0002" x="847" y="1757" width="190" height="194" frameX="-21" frameY="-12" frameWidth="212" frameHeight="206" />
<SubTexture name="BF idle dance0003" x="1037" y="1757" width="189" height="194" frameX="-22" frameY="-12" frameWidth="212" frameHeight="206" />
<SubTexture name="BF idle dance0004" x="1226" y="1757" width="186" height="198" frameX="-25" frameY="-9" frameWidth="212" frameHeight="206" />
<SubTexture name="BF idle dance0005" x="1412" y="1757" width="201" height="198" frameX="-10" frameY="-9" frameWidth="212" frameHeight="206" />
<SubTexture name="BF idle dance0006" x="1613" y="1757" width="211" height="201" frameX="0" frameY="-5" frameWidth="212" frameHeight="206" />
<SubTexture name="BF idle dance0007" x="0" y="1973" width="208" height="201" frameX="-3" frameY="-5" frameWidth="212" frameHeight="206" />
<SubTexture name="BF idle dance0008" x="208" y="1973" width="224" height="206" frameX="-8" frameY="0" frameWidth="212" frameHeight="206" />
<SubTexture name="BF idle dance0009" x="208" y="1973" width="224" height="206" frameX="-8" frameY="0" frameWidth="212" frameHeight="206" />
<SubTexture name="BF idle dance0010" x="432" y="1973" width="224" height="206" frameX="-8" frameY="0" frameWidth="212" frameHeight="206" />
<SubTexture name="BF idle dance0011" x="432" y="1973" width="224" height="206" frameX="-8" frameY="0" frameWidth="212" frameHeight="206" />
<SubTexture name="BF idle dance0012" x="657" y="1973" width="205" height="206" frameX="-8" frameY="0" frameWidth="212" frameHeight="206" />
<SubTexture name="BF idle dance0013" x="657" y="1973" width="205" height="206" frameX="-8" frameY="0" frameWidth="212" frameHeight="206" />
<SubTexture name="BF idle dance0014" x="657" y="1973" width="205" height="206" frameX="-8" frameY="0" frameWidth="212" frameHeight="206" />
<SubTexture name="BF idle dance0015" x="657" y="1973" width="205" height="206" frameX="-8" frameY="0" frameWidth="212" frameHeight="206" />
<SubTexture name="BF idle dance0016" x="657" y="1973" width="205" height="206" frameX="-8" frameY="0" frameWidth="212" frameHeight="206" />
<SubTexture name="BF idle dance0017" x="657" y="1973" width="205" height="206" frameX="-8" frameY="0" frameWidth="212" frameHeight="206" />
<SubTexture name="BF idle shaking0000" x="862" y="1973" width="204" height="207" frameX="-1" frameY="0" frameWidth="204" frameHeight="206" />
<SubTexture name="bf pre attack0000" x="1066" y="1973" width="213" height="187" frameX="0" frameY="-1" frameWidth="193" frameHeight="187" />
<SubTexture name="boyfriend attack0000" x="1279" y="1973" width="193" height="186" frameX="-279" frameY="-142" frameWidth="472" frameHeight="328" />
<SubTexture name="dodge DOWN0000" x="1472" y="1973" width="225" height="162" frameX="0" frameY="-24" frameWidth="226" frameHeight="185" />
<SubTexture name="dodge LEFT0000" x="1697" y="1973" width="193" height="184" frameX="-1" frameY="-3" frameWidth="200" frameHeight="186" />
<SubTexture name="dodge RIGHT0000" x="0" y="2180" width="195" height="188" frameX="-8" frameY="-3" frameWidth="207" frameHeight="190" />
<SubTexture name="dodge UP0000" x="195" y="2180" width="188" height="209" frameX="-1" frameY="-1" frameWidth="193" frameHeight="209" />
<SubTexture name="ALT 2 BF DOWN0000" x="383" y="2180" width="189" height="167" frameX="0" frameY="-4" frameWidth="189" frameHeight="171" />
<SubTexture name="ALT 2 BF LEFT0000" x="573" y="2180" width="199" height="214" frameX="-1" frameY="0" frameWidth="206" frameHeight="214" />
<SubTexture name="ALT 2 BF RIGHT0000" x="772" y="2180" width="233" height="202" frameX="-1" frameY="0" frameWidth="236" frameHeight="202" />
<SubTexture name="ALT 2 BF UP0000" x="1005" y="2180" width="199" height="238" frameX="-3" frameY="0" frameWidth="202" frameHeight="238" />
<SubTexture name="BF IDLE NO GIRO0000" x="1205" y="2180" width="202" height="196" frameX="-1" frameY="-11" frameWidth="205" frameHeight="206" />
<SubTexture name="BF SIN GORRA0000" x="1407" y="2180" width="255" height="249" frameX="-15" frameY="-3" frameWidth="275" frameHeight="252" />
<SubTexture name="BF FULL IDLE0000" x="1205" y="2180" width="202" height="196" frameX="-1" frameY="-11" frameWidth="205" frameHeight="206" />
</TextureAtlas>