<?xml version='1.0' encoding='utf-8'?>
<TextureAtlas imagePath="jax.png">
<SubTexture name="jax idle left0000" x="203" y="477" width="211" height="474" frameX="-230" frameY="-22" frameWidth="479" frameHeight="502" />
<SubTexture name="jax idle left0001" x="1061" y="473" width="208" height="472" frameX="-234" frameY="-23" frameWidth="479" frameHeight="502" />
<SubTexture name="jax idle left0002" x="624" y="477" width="206" height="473" frameX="-234" frameY="-23" frameWidth="479" frameHeight="502" />
<SubTexture name="jax idle left0003" x="657" y="0" width="205" height="476" frameX="-234" frameY="-20" frameWidth="479" frameHeight="502" />
<SubTexture name="jax idle left0004" x="0" y="0" width="205" height="477" frameX="-234" frameY="-19" frameWidth="479" frameHeight="502" />
<SubTexture name="jax idle left0005" x="0" y="0" width="205" height="477" frameX="-234" frameY="-19" frameWidth="479" frameHeight="502" />
<SubTexture name="jax idle right0000" x="862" y="0" width="199" height="475" frameX="-233" frameY="-20" frameWidth="479" frameHeight="502" />
<SubTexture name="jax idle right0001" x="0" y="477" width="203" height="475" frameX="-233" frameY="-21" frameWidth="479" frameHeight="502" />
<SubTexture name="jax idle right0002" x="415" y="477" width="209" height="474" frameX="-230" frameY="-21" frameWidth="479" frameHeight="502" />
<SubTexture name="jax idle right0003" x="449" y="0" width="207" height="476" frameX="-231" frameY="-20" frameWidth="479" frameHeight="502" />
<SubTexture name="jax idle right0004" x="0" y="0" width="205" height="477" frameX="-234" frameY="-19" frameWidth="479" frameHeight="502" />
<SubTexture name="jax idle right0005" x="0" y="0" width="205" height="477" frameX="-234" frameY="-19" frameWidth="479" frameHeight="502" />
<SubTexture name="jax up0000" x="0" y="952" width="259" height="470" frameX="-182" frameY="-28" frameWidth="479" frameHeight="502" />
<SubTexture name="jax up0001" x="259" y="952" width="261" height="465" frameX="-180" frameY="-33" frameWidth="479" frameHeight="502" />
<SubTexture name="jax up0002" x="205" y="0" width="244" height="477" frameX="-196" frameY="-21" frameWidth="479" frameHeight="502" />
<SubTexture name="jax up0003" x="1061" y="0" width="244" height="473" frameX="-196" frameY="-25" frameWidth="479" frameHeight="502" />
<SubTexture name="jax up0004" x="1306" y="0" width="245" height="471" frameX="-195" frameY="-27" frameWidth="479" frameHeight="502" />
<SubTexture name="jax right0000" x="1248" y="952" width="252" height="435" frameX="-225" frameY="-60" frameWidth="479" frameHeight="502" />
<SubTexture name="jax right0001" x="1002" y="952" width="246" height="441" frameX="-222" frameY="-54" frameWidth="479" frameHeight="502" />
<SubTexture name="jax right0002" x="1306" y="471" width="233" height="460" frameX="-227" frameY="-35" frameWidth="479" frameHeight="502" />
<SubTexture name="jax right0003" x="520" y="952" width="240" height="452" frameX="-217" frameY="-43" frameWidth="479" frameHeight="502" />
<SubTexture name="jax right0004" x="761" y="952" width="241" height="452" frameX="-217" frameY="-43" frameWidth="479" frameHeight="502" />
<SubTexture name="jax down0000" x="0" y="1841" width="288" height="339" frameX="-154" frameY="-162" frameWidth="479" frameHeight="502" />
<SubTexture name="jax down0001" x="1913" y="0" width="282" height="344" frameX="-157" frameY="-157" frameWidth="479" frameHeight="502" />
<SubTexture name="jax down0002" x="1551" y="790" width="280" height="366" frameX="-158" frameY="-135" frameWidth="479" frameHeight="502" />
<SubTexture name="jax down0003" x="1551" y="424" width="279" height="366" frameX="-159" frameY="-134" frameWidth="479" frameHeight="502" />
<SubTexture name="jax down0004" x="1503" y="1422" width="279" height="363" frameX="-159" frameY="-137" frameWidth="479" frameHeight="502" />
<SubTexture name="jax left0000" x="1113" y="1422" width="390" height="408" frameX="-4" frameY="-93" frameWidth="479" frameHeight="502" />
<SubTexture name="jax left0001" x="737" y="1422" width="376" height="409" frameX="-17" frameY="-91" frameWidth="479" frameHeight="502" />
<SubTexture name="jax left0002" x="1551" y="0" width="362" height="424" frameX="-32" frameY="-77" frameWidth="479" frameHeight="502" />
<SubTexture name="jax left0003" x="0" y="1422" width="367" height="418" frameX="-26" frameY="-82" frameWidth="479" frameHeight="502" />
<SubTexture name="jax left0004" x="367" y="1422" width="369" height="416" frameX="-24" frameY="-85" frameWidth="479" frameHeight="502" />
</TextureAtlas>