<?xml version='1.0' encoding='utf-8'?>
<TextureAtlas imagePath="pomni_foward.png">
<SubTexture name="pomni_foward idle0000" x="994" y="526" width="212" height="262" frameX="-63" frameY="-35" frameWidth="318" frameHeight="306" />
<SubTexture name="pomni_foward idle0001" x="1227" y="0" width="214" height="258" frameX="-62" frameY="-39" frameWidth="318" frameHeight="306" />
<SubTexture name="pomni_foward idle0002" x="1227" y="515" width="206" height="255" frameX="-66" frameY="-42" frameWidth="318" frameHeight="306" />
<SubTexture name="pomni_foward idle0003" x="1227" y="258" width="200" height="257" frameX="-72" frameY="-40" frameWidth="318" frameHeight="306" />
<SubTexture name="pomni_foward idle0004" x="792" y="269" width="202" height="259" frameX="-70" frameY="-38" frameWidth="318" frameHeight="306" />
<SubTexture name="pomni_foward idle0005" x="828" y="839" width="205" height="261" frameX="-69" frameY="-36" frameWidth="318" frameHeight="306" />
<SubTexture name="pomni_foward idle0006" x="0" y="839" width="207" height="261" frameX="-68" frameY="-36" frameWidth="318" frameHeight="306" />
<SubTexture name="pomni_foward idle0007" x="207" y="839" width="207" height="261" frameX="-68" frameY="-36" frameWidth="318" frameHeight="306" />
<SubTexture name="pomni_foward idle0008" x="414" y="839" width="207" height="261" frameX="-68" frameY="-36" frameWidth="318" frameHeight="306" />
<SubTexture name="pomni_foward idle0009" x="621" y="839" width="207" height="261" frameX="-68" frameY="-36" frameWidth="318" frameHeight="306" />
<SubTexture name="pomni_foward up0000" x="396" y="0" width="176" height="284" frameX="-76" frameY="-9" frameWidth="318" frameHeight="306" />
<SubTexture name="pomni_foward up0001" x="0" y="0" width="199" height="286" frameX="-68" frameY="-6" frameWidth="318" frameHeight="306" />
<SubTexture name="pomni_foward up0002" x="199" y="0" width="197" height="286" frameX="-69" frameY="-7" frameWidth="318" frameHeight="306" />
<SubTexture name="pomni_foward up0003" x="0" y="286" width="192" height="284" frameX="-71" frameY="-9" frameWidth="318" frameHeight="306" />
<SubTexture name="pomni_foward up0004" x="192" y="286" width="187" height="282" frameX="-74" frameY="-11" frameWidth="318" frameHeight="306" />
<SubTexture name="pomni_foward right0000" x="573" y="0" width="219" height="277" frameX="-98" frameY="-27" frameWidth="318" frameHeight="306" />
<SubTexture name="pomni_foward right0001" x="573" y="277" width="216" height="277" frameX="-95" frameY="-27" frameWidth="318" frameHeight="306" />
<SubTexture name="pomni_foward right0002" x="792" y="0" width="202" height="269" frameX="-94" frameY="-36" frameWidth="318" frameHeight="306" />
<SubTexture name="pomni_foward right0003" x="441" y="570" width="205" height="267" frameX="-93" frameY="-37" frameWidth="318" frameHeight="306" />
<SubTexture name="pomni_foward right0004" x="236" y="570" width="205" height="268" frameX="-93" frameY="-37" frameWidth="318" frameHeight="306" />
<SubTexture name="pomni_foward down0000" x="229" y="1100" width="243" height="234" frameX="-53" frameY="-64" frameWidth="318" frameHeight="306" />
<SubTexture name="pomni_foward down0001" x="472" y="1100" width="244" height="232" frameX="-55" frameY="-66" frameWidth="318" frameHeight="306" />
<SubTexture name="pomni_foward down0002" x="1227" y="770" width="200" height="221" frameX="-80" frameY="-77" frameWidth="318" frameHeight="306" />
<SubTexture name="pomni_foward down0003" x="937" y="1100" width="216" height="227" frameX="-71" frameY="-71" frameWidth="318" frameHeight="306" />
<SubTexture name="pomni_foward down0004" x="717" y="1100" width="220" height="229" frameX="-68" frameY="-69" frameWidth="318" frameHeight="306" />
<SubTexture name="pomni_foward left0000" x="0" y="570" width="236" height="268" frameX="-2" frameY="-28" frameWidth="318" frameHeight="306" />
<SubTexture name="pomni_foward left0001" x="994" y="0" width="232" height="263" frameX="-5" frameY="-34" frameWidth="318" frameHeight="306" />
<SubTexture name="pomni_foward left0002" x="0" y="1100" width="229" height="258" frameX="-8" frameY="-38" frameWidth="318" frameHeight="306" />
<SubTexture name="pomni_foward left0003" x="994" y="263" width="227" height="263" frameX="-10" frameY="-34" frameWidth="318" frameHeight="306" />
<SubTexture name="pomni_foward left0004" x="646" y="570" width="228" height="263" frameX="-10" frameY="-33" frameWidth="318" frameHeight="306" />
</TextureAtlas>