{
	"song": {
		"player1": "bfzero",
		"events": [
			[
				21230.7692307692,
				[
					[
						"lyrics",
						"WHERE",
						""
					]
				]
			],
			[
				21461.5384615385,
				[
					[
						"lyrics",
						"WHERE AM",
						""
					]
				]
			],
			[
				21692.3076923077,
				[
					[
						"lyrics",
						"WHERE AM I",
						""
					]
				]
			],
			[
				21923.0769230769,
				[
					[
						"lyrics",
						"WHERE AM I, HUH",
						""
					]
				]
			],
			[
				22038.4615384615,
				[
					[
						"lyrics",
						"WHERE AM I, HUH HUH-",
						""
					]
				]
			],
			[
				22153.8461538462,
				[
					[
						"lyrics",
						"",
						""
					]
				]
			]
		],
		"gfVersion": "jax",
		"notes": [
			{
				"sectionNotes": [
					[
						230.769230769231,
						0,
						0
					],
					[
						346.153846153846,
						0,
						0
					],
					[
						461.538461538462,
						2,
						0
					],
					[
						692.307692307692,
						3,
						0
					],
					[
						923.076923076923,
						1,
						0
					],
					[
						1153.84615384615,
						2,
						0
					],
					[
						1384.61538461538,
						0,
						0
					],
					[
						1615.38461538462,
						2,
						350
					]
				],
				"lengthInSteps": 16,
				"gfSection": false,
				"mustHitSection": false
			},
			{
				"sectionNotes": [
					[
						2076.92307692308,
						1,
						0
					],
					[
						2192.30769230769,
						1,
						0
					],
					[
						2307.69230769231,
						2,
						0
					],
					[
						2538.46153846154,
						0,
						0
					],
					[
						2769.23076923077,
						1,
						0
					],
					[
						2826.92307692308,
						3,
						232
					],
					[
						3230.76923076923,
						2,
						118
					],
					[
						3461.53846153846,
						0,
						116
					]
				],
				"lengthInSteps": 16,
				"gfSection": false,
				"mustHitSection": false
			},
			{
				"sectionNotes": [
					[
						3692.30769230769,
						3,
						0
					],
					[
						3923.07692307692,
						0,
						0
					],
					[
						4038.46153846154,
						3,
						0
					],
					[
						4153.84615384615,
						2,
						0
					],
					[
						4384.61538461538,
						0,
						0
					],
					[
						4615.38461538462,
						1,
						348
					],
					[
						5076.92307692308,
						2,
						0
					],
					[
						5307.69230769231,
						3,
						0
					],
					[
						5192.30769230769,
						0,
						0
					],
					[
						5423.07692307692,
						2,
						0
					]
				],
				"lengthInSteps": 16,
				"gfSection": false,
				"mustHitSection": false
			},
			{
				"sectionNotes": [
					[
						5538.46153846154,
						0,
						116
					],
					[
						5769.23076923077,
						2,
						0
					],
					[
						5884.61538461538,
						3,
						0
					],
					[
						6000,
						2,
						116
					],
					[
						6230.76923076923,
						1,
						116
					],
					[
						6461.53846153846,
						3,
						116
					],
					[
						6692.30769230769,
						0,
						0
					],
					[
						6807.69230769231,
						2,
						0
					],
					[
						6923.07692307692,
						0,
						0
					],
					[
						7038.46153846154,
						1,
						0
					],
					[
						7153.84615384615,
						0,
						0
					],
					[
						7269.23076923077,
						2,
						0
					],
					[
						7326.92307692308,
						1,
						0
					]
				],
				"lengthInSteps": 16,
				"mustHitSection": false
			},
			{
				"sectionNotes": [
					[
						7384.61538461538,
						7,
						582
					],
					[
						8307.69230769231,
						5,
						348
					],
					[
						8769.23076923077,
						6,
						348
					],
					[
						7615.38461538462,
						0,
						0
					],
					[
						7730.76923076923,
						0,
						0
					],
					[
						7846.15384615385,
						2,
						0
					],
					[
						8076.92307692308,
						3,
						0
					],
					[
						8307.69230769231,
						1,
						0
					],
					[
						8538.46153846154,
						2,
						0
					],
					[
						8769.23076923077,
						0,
						0
					],
					[
						9000,
						2,
						350
					]
				],
				"lengthInSteps": 16,
				"mustHitSection": true
			},
			{
				"sectionNotes": [
					[
						9461.53846153846,
						1,
						0
					],
					[
						9576.92307692308,
						1,
						0
					],
					[
						9692.30769230769,
						2,
						0
					],
					[
						9923.07692307692,
						0,
						0
					],
					[
						10153.8461538462,
						1,
						0
					],
					[
						10211.5384615385,
						3,
						232
					],
					[
						10615.3846153846,
						2,
						118
					],
					[
						10846.1538461538,
						0,
						116
					],
					[
						9230.76923076923,
						4,
						348
					],
					[
						9923.07692307692,
						5,
						0
					],
					[
						10153.8461538462,
						7,
						348
					],
					[
						10615.3846153846,
						6,
						348
					]
				],
				"lengthInSteps": 16,
				"mustHitSection": true
			},
			{
				"sectionNotes": [
					[
						11076.9230769231,
						3,
						0
					],
					[
						11307.6923076923,
						0,
						0
					],
					[
						11423.0769230769,
						3,
						0
					],
					[
						11538.4615384615,
						2,
						0
					],
					[
						11769.2307692308,
						0,
						0
					],
					[
						12000,
						1,
						348
					],
					[
						12461.5384615385,
						2,
						0
					],
					[
						12692.3076923077,
						3,
						0
					],
					[
						12576.9230769231,
						0,
						0
					],
					[
						12807.6923076923,
						2,
						0
					],
					[
						11076.9230769231,
						4,
						348
					],
					[
						11538.4615384615,
						6,
						116
					],
					[
						11769.2307692308,
						7,
						116
					],
					[
						12000,
						5,
						348
					],
					[
						12692.3076923077,
						7,
						116
					]
				],
				"lengthInSteps": 16,
				"mustHitSection": true
			},
			{
				"sectionNotes": [
					[
						12923.0769230769,
						0,
						116
					],
					[
						13153.8461538462,
						2,
						0
					],
					[
						13269.2307692308,
						3,
						0
					],
					[
						13384.6153846154,
						2,
						116
					],
					[
						13615.3846153846,
						1,
						116
					],
					[
						13846.1538461538,
						3,
						116
					],
					[
						14076.9230769231,
						0,
						0
					],
					[
						14192.3076923077,
						2,
						0
					],
					[
						14307.6923076923,
						0,
						0
					],
					[
						14423.0769230769,
						1,
						0
					],
					[
						14538.4615384615,
						0,
						0
					],
					[
						14653.8461538462,
						2,
						0
					],
					[
						14711.5384615385,
						1,
						0
					],
					[
						12923.0769230769,
						5,
						116
					],
					[
						13153.8461538462,
						6,
						116
					],
					[
						13384.6153846154,
						5,
						116
					],
					[
						13615.3846153846,
						4,
						116
					],
					[
						13846.1538461538,
						6,
						348
					],
					[
						14307.6923076923,
						4,
						0
					],
					[
						14423.0769230769,
						7,
						0
					],
					[
						14538.4615384615,
						4,
						0
					],
					[
						14653.8461538462,
						6,
						0
					]
				],
				"lengthInSteps": 16,
				"mustHitSection": true
			},
			{
				"sectionNotes": [
					[
						14769.2307692308,
						7,
						581
					],
					[
						14769.2307692308,
						1,
						583
					],
					[
						15461.5384615385,
						3,
						0
					],
					[
						15576.9230769231,
						0,
						0
					],
					[
						15692.3076923077,
						2,
						117
					],
					[
						15923.0769230769,
						1,
						0
					],
					[
						16038.4615384615,
						0,
						0
					],
					[
						16153.8461538462,
						2,
						116
					],
					[
						16384.6153846154,
						3,
						116
					]
				],
				"lengthInSteps": 16,
				"mustHitSection": false
			},
			{
				"sectionNotes": [
					[
						16615.3846153846,
						2,
						116
					],
					[
						16846.1538461538,
						0,
						0
					],
					[
						16961.5384615385,
						2,
						0
					],
					[
						17076.9230769231,
						0,
						0
					],
					[
						17192.3076923077,
						1,
						0
					],
					[
						17307.6923076923,
						3,
						0
					],
					[
						17423.0769230769,
						1,
						0
					],
					[
						17538.4615384615,
						0,
						0
					],
					[
						17653.8461538462,
						2,
						0
					],
					[
						17769.2307692308,
						1,
						0
					],
					[
						17884.6153846154,
						2,
						0
					],
					[
						18230.7692307692,
						3,
						0
					],
					[
						18000,
						0,
						116
					]
				],
				"lengthInSteps": 16,
				"mustHitSection": false
			},
			{
				"sectionNotes": [
					[
						18461.5384615385,
						2,
						0
					],
					[
						18692.3076923077,
						1,
						0
					],
					[
						18807.6923076923,
						0,
						0
					],
					[
						18923.0769230769,
						1,
						116
					],
					[
						19153.8461538462,
						2,
						0
					],
					[
						19269.2307692308,
						2,
						0
					],
					[
						19384.6153846154,
						3,
						116
					],
					[
						19615.3846153846,
						0,
						0
					],
					[
						19730.7692307692,
						1,
						0
					],
					[
						19846.1538461538,
						3,
						116
					],
					[
						20076.9230769231,
						2,
						116
					]
				],
				"lengthInSteps": 16,
				"mustHitSection": false
			},
			{
				"sectionNotes": [
					[
						20307.6923076923,
						0,
						0
					],
					[
						20365.3846153846,
						1,
						116
					],
					[
						20538.4615384615,
						2,
						0
					],
					[
						20653.8461538462,
						2,
						0
					],
					[
						20769.2307692308,
						3,
						116
					],
					[
						21000,
						1,
						116
					],
					[
						21230.7692307692,
						0,
						0
					],
					[
						21692.3076923077,
						1,
						0
					],
					[
						21750,
						0,
						116
					],
					[
						21923.0769230769,
						2,
						0
					],
					[
						22038.4615384615,
						2,
						0
					],
					[
						21288.4615384615,
						3,
						0
					],
					[
						21461.5384615385,
						1,
						0
					],
					[
						21519.2307692308,
						2,
						0
					]
				],
				"lengthInSteps": 16,
				"mustHitSection": false
			},
			{
				"sectionNotes": [
					[
						22153.8461538462,
						7,
						581
					],
					[
						22153.8461538462,
						1,
						583
					],
					[
						22846.1538461538,
						3,
						0
					],
					[
						22961.5384615385,
						0,
						0
					],
					[
						23076.9230769231,
						2,
						117
					],
					[
						23307.6923076923,
						1,
						0
					],
					[
						23423.0769230769,
						0,
						0
					],
					[
						23538.4615384615,
						2,
						116
					],
					[
						23769.2307692308,
						3,
						116
					]
				],
				"lengthInSteps": 16,
				"mustHitSection": true
			},
			{
				"sectionNotes": [
					[
						24000,
						2,
						116
					],
					[
						24230.7692307692,
						0,
						0
					],
					[
						24346.1538461538,
						2,
						0
					],
					[
						24461.5384615385,
						0,
						0
					],
					[
						24576.9230769231,
						1,
						0
					],
					[
						24692.3076923077,
						3,
						0
					],
					[
						24807.6923076923,
						1,
						0
					],
					[
						24923.0769230769,
						0,
						0
					],
					[
						25038.4615384615,
						2,
						0
					],
					[
						25153.8461538461,
						1,
						0
					],
					[
						25269.2307692308,
						2,
						0
					],
					[
						25615.3846153846,
						3,
						0
					],
					[
						25384.6153846154,
						0,
						116
					]
				],
				"lengthInSteps": 16,
				"mustHitSection": true
			},
			{
				"sectionNotes": [
					[
						25846.1538461538,
						2,
						0
					],
					[
						26076.9230769231,
						1,
						0
					],
					[
						26192.3076923077,
						0,
						0
					],
					[
						26307.6923076923,
						1,
						116
					],
					[
						26538.4615384615,
						2,
						0
					],
					[
						26653.8461538462,
						2,
						0
					],
					[
						26769.2307692308,
						3,
						116
					],
					[
						27000,
						0,
						0
					],
					[
						27115.3846153846,
						1,
						0
					],
					[
						27230.7692307692,
						3,
						116
					],
					[
						27461.5384615385,
						2,
						116
					]
				],
				"lengthInSteps": 16,
				"mustHitSection": true
			},
			{
				"sectionNotes": [
					[
						27692.3076923077,
						0,
						0
					],
					[
						27750,
						1,
						116
					],
					[
						27923.0769230769,
						2,
						0
					],
					[
						28038.4615384615,
						2,
						0
					],
					[
						28153.8461538462,
						3,
						116
					],
					[
						28384.6153846154,
						1,
						116
					],
					[
						28615.3846153846,
						0,
						348
					],
					[
						29076.9230769231,
						3,
						118
					]
				],
				"lengthInSteps": 16,
				"bpm": 190,
				"mustHitSection": true,
				"changeBPM": false
			},
			{
				"sectionNotes": [
					[
						29538.4615384615,
						5,
						812
					],
					[
						29538.4615384615,
						1,
						0
					],
					[
						30230.7692307692,
						3,
						0
					],
					[
						30346.1538461539,
						0,
						0
					],
					[
						30461.5384615385,
						2,
						0
					],
					[
						30576.9230769231,
						0,
						0
					],
					[
						30692.3076923077,
						1,
						348
					],
					[
						31153.8461538462,
						3,
						0
					],
					[
						31269.2307692308,
						2,
						0
					]
				],
				"lengthInSteps": 16,
				"mustHitSection": false
			},
			{
				"sectionNotes": [
					[
						32076.9230769231,
						2,
						116
					],
					[
						31384.6153846154,
						0,
						232
					],
					[
						31846.1538461539,
						3,
						116
					],
					[
						32307.6923076923,
						1,
						116
					],
					[
						32538.4615384615,
						2,
						0
					],
					[
						32653.8461538462,
						0,
						0
					],
					[
						32769.2307692308,
						3,
						117
					],
					[
						33000,
						0,
						0
					],
					[
						31730.7692307692,
						1,
						0
					]
				],
				"lengthInSteps": 16,
				"changeBPM": false,
				"mustHitSection": false,
				"bpm": 0
			},
			{
				"sectionNotes": [
					[
						33230.7692307692,
						1,
						116
					],
					[
						33461.5384615385,
						3,
						0
					],
					[
						33576.9230769231,
						0,
						0
					],
					[
						33692.3076923077,
						2,
						0
					],
					[
						33807.6923076923,
						1,
						0
					],
					[
						33923.0769230769,
						2,
						116
					],
					[
						34153.8461538462,
						0,
						0
					],
					[
						34269.2307692308,
						3,
						0
					],
					[
						34384.6153846154,
						0,
						0
					],
					[
						34500,
						2,
						0
					],
					[
						34615.3846153846,
						3,
						0
					],
					[
						34846.1538461539,
						2,
						116
					]
				],
				"lengthInSteps": 16,
				"mustHitSection": false
			},
			{
				"sectionNotes": [
					[
						35076.9230769231,
						1,
						116
					],
					[
						35307.6923076923,
						0,
						0
					],
					[
						35423.0769230769,
						3,
						0
					],
					[
						35538.4615384615,
						2,
						0
					],
					[
						35653.8461538462,
						3,
						0
					],
					[
						35769.2307692308,
						0,
						0
					],
					[
						35884.6153846154,
						2,
						0
					],
					[
						36000,
						1,
						116
					],
					[
						36230.7692307692,
						0,
						116
					],
					[
						36461.5384615385,
						2,
						116
					],
					[
						36692.3076923077,
						0,
						116
					]
				],
				"lengthInSteps": 16,
				"mustHitSection": false
			},
			{
				"sectionNotes": [
					[
						37615.3846153846,
						3,
						0
					],
					[
						37730.7692307692,
						0,
						0
					],
					[
						37846.1538461539,
						2,
						0
					],
					[
						37961.5384615385,
						0,
						0
					],
					[
						38076.9230769231,
						1,
						348
					],
					[
						38538.4615384615,
						3,
						0
					],
					[
						38653.8461538462,
						2,
						0
					],
					[
						36923.0769230769,
						5,
						349
					],
					[
						36923.0769230769,
						1,
						580
					]
				],
				"lengthInSteps": 16,
				"mustHitSection": true
			},
			{
				"sectionNotes": [
					[
						39461.5384615385,
						2,
						116
					],
					[
						38769.2307692308,
						0,
						232
					],
					[
						39230.7692307692,
						3,
						116
					],
					[
						39692.3076923077,
						1,
						116
					],
					[
						39923.0769230769,
						2,
						0
					],
					[
						40038.4615384615,
						0,
						0
					],
					[
						40153.8461538462,
						3,
						117
					],
					[
						40384.6153846154,
						0,
						0
					],
					[
						39115.3846153846,
						1,
						0
					],
					[
						39173.0769230769,
						2,
						0
					],
					[
						39980.7692307692,
						1,
						0
					]
				],
				"lengthInSteps": 16,
				"mustHitSection": true
			},
			{
				"sectionNotes": [
					[
						40615.3846153846,
						1,
						116
					],
					[
						40846.1538461539,
						3,
						0
					],
					[
						40961.5384615385,
						0,
						0
					],
					[
						41076.9230769231,
						2,
						0
					],
					[
						41192.3076923077,
						1,
						0
					],
					[
						41884.6153846154,
						2,
						0
					],
					[
						41307.6923076923,
						2,
						0
					],
					[
						41423.0769230769,
						3,
						0
					],
					[
						41538.4615384615,
						0,
						116
					],
					[
						42000,
						3,
						116
					],
					[
						42230.7692307692,
						2,
						0
					]
				],
				"lengthInSteps": 16,
				"mustHitSection": true
			},
			{
				"sectionNotes": [
					[
						42461.5384615385,
						1,
						116
					],
					[
						42692.3076923077,
						0,
						0
					],
					[
						42807.6923076923,
						3,
						0
					],
					[
						42923.0769230769,
						2,
						0
					],
					[
						43038.4615384615,
						3,
						0
					],
					[
						43153.8461538462,
						0,
						0
					],
					[
						43269.2307692308,
						2,
						0
					],
					[
						43384.6153846154,
						1,
						116
					],
					[
						43615.3846153846,
						0,
						116
					],
					[
						43846.1538461539,
						2,
						116
					],
					[
						44076.9230769231,
						0,
						116
					]
				],
				"lengthInSteps": 16,
				"mustHitSection": true
			},
			{
				"sectionNotes": [
					[
						44307.6923076923,
						3,
						0,
						"GF Sing"
					],
					[
						44538.4615384615,
						3,
						0,
						"GF Sing"
					],
					[
						44653.8461538461,
						3,
						0,
						"GF Sing"
					],
					[
						44769.2307692308,
						0,
						0,
						"GF Sing"
					],
					[
						44884.6153846154,
						1,
						0,
						"GF Sing"
					],
					[
						44942.3076923077,
						3,
						0,
						"GF Sing"
					],
					[
						45000,
						2,
						0,
						"GF Sing"
					],
					[
						45115.3846153846,
						0,
						0,
						"GF Sing"
					],
					[
						45230.7692307692,
						3,
						0,
						"GF Sing"
					],
					[
						45346.1538461538,
						2,
						0,
						"GF Sing"
					],
					[
						45461.5384615385,
						3,
						0,
						"GF Sing"
					],
					[
						45576.9230769231,
						1,
						0,
						"GF Sing"
					],
					[
						45692.3076923077,
						0,
						116,
						"GF Sing"
					],
					[
						46038.4615384615,
						2,
						0,
						"GF Sing"
					],
					[
						45923.0769230769,
						2,
						0,
						"GF Sing"
					],
					[
						44307.6923076923,
						5,
						235
					]
				],
				"lengthInSteps": 16,
				"mustHitSection": false
			},
			{
				"sectionNotes": [
					[
						46153.8461538461,
						1,
						0,
						"GF Sing"
					],
					[
						46269.2307692308,
						3,
						0,
						"GF Sing"
					],
					[
						46384.6153846154,
						1,
						0,
						"GF Sing"
					],
					[
						46500,
						0,
						0,
						"GF Sing"
					],
					[
						46615.3846153846,
						2,
						116,
						"GF Sing"
					],
					[
						47076.9230769231,
						1,
						0,
						"GF Sing"
					],
					[
						47134.6153846154,
						0,
						0,
						"GF Sing"
					],
					[
						46961.5384615385,
						3,
						0,
						"GF Sing"
					],
					[
						46846.1538461538,
						3,
						0,
						"GF Sing"
					],
					[
						46326.9230769231,
						2,
						0,
						"GF Sing"
					],
					[
						47192.3076923077,
						3,
						0,
						"GF Sing"
					],
					[
						47307.6923076923,
						2,
						0,
						"GF Sing"
					],
					[
						47423.0769230769,
						0,
						0,
						"GF Sing"
					],
					[
						47538.4615384615,
						2,
						0,
						"GF Sing"
					],
					[
						47653.8461538461,
						3,
						0,
						"GF Sing"
					],
					[
						47769.2307692308,
						1,
						117,
						"GF Sing"
					]
				],
				"lengthInSteps": 16,
				"mustHitSection": false
			},
			{
				"sectionNotes": [
					[
						48000,
						3,
						0,
						"GF Sing"
					],
					[
						48115.3846153846,
						2,
						0,
						"GF Sing"
					],
					[
						48230.7692307692,
						0,
						0,
						"GF Sing"
					],
					[
						48346.1538461538,
						3,
						0,
						"GF Sing"
					],
					[
						48461.5384615385,
						1,
						116,
						"GF Sing"
					],
					[
						48692.3076923077,
						2,
						0,
						"GF Sing"
					],
					[
						48807.6923076923,
						2,
						0,
						"GF Sing"
					],
					[
						48923.0769230769,
						0,
						0,
						"GF Sing"
					],
					[
						49038.4615384615,
						2,
						0,
						"GF Sing"
					],
					[
						49153.8461538461,
						0,
						0,
						"GF Sing"
					],
					[
						49269.2307692308,
						2,
						0,
						"GF Sing"
					],
					[
						49384.6153846154,
						1,
						116,
						"GF Sing"
					],
					[
						49615.3846153846,
						3,
						0,
						"GF Sing"
					],
					[
						49730.7692307692,
						3,
						0,
						"GF Sing"
					],
					[
						49096.1538461538,
						3,
						0,
						"GF Sing"
					]
				],
				"lengthInSteps": 16,
				"mustHitSection": false
			},
			{
				"sectionNotes": [
					[
						49961.5384615385,
						3,
						0,
						"GF Sing"
					],
					[
						49846.1538461538,
						0,
						0,
						"GF Sing"
					],
					[
						50076.9230769231,
						2,
						0,
						"GF Sing"
					],
					[
						50307.6923076923,
						1,
						0,
						"GF Sing"
					],
					[
						50423.0769230769,
						1,
						0,
						"GF Sing"
					],
					[
						50538.4615384615,
						2,
						0,
						"GF Sing"
					],
					[
						50653.8461538461,
						3,
						0,
						"GF Sing"
					],
					[
						50480.7692307692,
						0,
						0,
						"GF Sing"
					],
					[
						50769.2307692308,
						0,
						0,
						"GF Sing"
					],
					[
						50884.6153846154,
						2,
						0,
						"GF Sing"
					],
					[
						51115.3846153846,
						1,
						0,
						"GF Sing"
					],
					[
						51000,
						0,
						0,
						"GF Sing"
					],
					[
						51230.7692307692,
						3,
						116,
						"GF Sing"
					],
					[
						51461.5384615385,
						2,
						0,
						"GF Sing"
					],
					[
						51576.9230769231,
						0,
						0,
						"GF Sing"
					]
				],
				"lengthInSteps": 16,
				"mustHitSection": false
			},
			{
				"sectionNotes": [
					[
						51692.3076923077,
						3,
						0
					],
					[
						51923.0769230769,
						3,
						0
					],
					[
						52038.4615384615,
						3,
						0
					],
					[
						52153.8461538461,
						0,
						0
					],
					[
						52269.2307692308,
						1,
						0
					],
					[
						52500,
						0,
						0
					],
					[
						52615.3846153846,
						3,
						0
					],
					[
						52730.7692307692,
						2,
						0
					],
					[
						52846.1538461538,
						3,
						0
					],
					[
						52961.5384615385,
						1,
						0
					],
					[
						53076.9230769231,
						0,
						116
					],
					[
						53307.6923076923,
						2,
						0,
						"Hey!"
					],
					[
						53423.0769230769,
						2,
						0,
						"Hey!"
					],
					[
						52384.6153846154,
						2,
						0,
						"Hey!"
					],
					[
						51692.3076923077,
						7,
						116,
						"GF Sing"
					]
				],
				"lengthInSteps": 16,
				"mustHitSection": true
			},
			{
				"sectionNotes": [
					[
						53538.4615384615,
						1,
						0,
						"Beatbox Note"
					],
					[
						53653.8461538461,
						3,
						0,
						"Beatbox Note"
					],
					[
						53769.2307692308,
						1,
						0,
						"Beatbox Note"
					],
					[
						53884.6153846154,
						0,
						0,
						"Beatbox Note"
					],
					[
						53711.5384615384,
						2,
						0,
						"Beatbox Note"
					],
					[
						54000,
						2,
						117,
						"Beatbox Note"
					],
					[
						54230.7692307692,
						3,
						0,
						"Beatbox Note"
					],
					[
						54346.1538461538,
						3,
						0,
						"Beatbox Note"
					],
					[
						54576.9230769231,
						3,
						0,
						"Beatbox Note"
					],
					[
						54692.3076923077,
						2,
						0,
						"Beatbox Note"
					],
					[
						54923.0769230769,
						2,
						0,
						"Beatbox Note"
					],
					[
						54807.6923076923,
						0,
						0,
						"Beatbox Note"
					],
					[
						55153.8461538461,
						1,
						0,
						"Beatbox Note"
					],
					[
						55269.2307692308,
						3,
						0,
						"Beatbox Note"
					]
				],
				"lengthInSteps": 16,
				"mustHitSection": true
			},
			{
				"sectionNotes": [
					[
						55384.6153846154,
						3,
						0
					],
					[
						55500,
						2,
						0
					],
					[
						55846.1538461538,
						1,
						116
					],
					[
						56076.9230769231,
						2,
						0
					],
					[
						56192.3076923077,
						2,
						0
					],
					[
						56423.0769230769,
						2,
						0
					],
					[
						56538.4615384615,
						0,
						0
					],
					[
						56480.7692307692,
						3,
						0
					],
					[
						56653.8461538461,
						2,
						0
					],
					[
						56769.2307692308,
						1,
						116
					],
					[
						57000,
						3,
						0
					],
					[
						57115.3846153846,
						3,
						0
					],
					[
						55730.7692307692,
						3,
						0,
						"Hey!"
					],
					[
						55615.3846153846,
						0,
						0,
						"Hey!"
					],
					[
						56307.6923076923,
						0,
						0,
						"Hey!"
					]
				],
				"lengthInSteps": 16,
				"mustHitSection": true
			},
			{
				"sectionNotes": [
					[
						57230.7692307692,
						0,
						0
					],
					[
						57346.1538461538,
						3,
						0
					],
					[
						57461.5384615385,
						2,
						0
					],
					[
						57692.3076923077,
						1,
						0
					],
					[
						57807.6923076923,
						1,
						0
					],
					[
						57923.0769230769,
						2,
						0
					],
					[
						58038.4615384615,
						3,
						0
					],
					[
						58269.2307692308,
						2,
						0
					],
					[
						58384.6153846154,
						0,
						0
					],
					[
						58846.1538461538,
						2,
						0
					],
					[
						58961.5384615385,
						0,
						0
					],
					[
						58153.8461538461,
						0,
						0,
						"Hey!"
					],
					[
						58615.3846153846,
						3,
						0,
						"Hey!"
					],
					[
						58730.7692307692,
						1,
						0
					],
					[
						58500,
						1,
						0
					]
				],
				"lengthInSteps": 16,
				"mustHitSection": true
			},
			{
				"sectionNotes": [
					[
						59653.8461538461,
						5,
						0
					],
					[
						59769.2307692308,
						4,
						0
					],
					[
						59884.6153846154,
						7,
						0
					],
					[
						59076.9230769231,
						7,
						117
					],
					[
						59423.0769230769,
						5,
						0
					],
					[
						60230.7692307692,
						4,
						0
					],
					[
						60346.1538461538,
						7,
						0
					],
					[
						60461.5384615384,
						6,
						0
					],
					[
						60576.9230769231,
						4,
						0
					],
					[
						60692.3076923077,
						6,
						0
					],
					[
						60807.6923076923,
						4,
						0
					],
					[
						60000,
						6,
						0,
						"Hey!"
					],
					[
						59076.9230769231,
						1,
						116,
						"GF Sing"
					],
					[
						59769.2307692308,
						2,
						116,
						"GF Sing"
					],
					[
						60000,
						3,
						116,
						"GF Sing"
					],
					[
						60230.7692307692,
						2,
						0,
						"GF Sing"
					],
					[
						60461.5384615384,
						1,
						116,
						"GF Sing"
					],
					[
						60692.3076923077,
						0,
						0,
						"GF Sing"
					]
				],
				"lengthInSteps": 16,
				"mustHitSection": false
			},
			{
				"sectionNotes": [
					[
						60923.0769230769,
						5,
						116
					],
					[
						61153.8461538461,
						7,
						0
					],
					[
						61269.2307692307,
						7,
						0
					],
					[
						61615.3846153846,
						6,
						0
					],
					[
						61730.7692307692,
						7,
						0
					],
					[
						61500,
						4,
						0
					],
					[
						61384.6153846154,
						5,
						0
					],
					[
						61846.1538461538,
						6,
						0,
						"Hey!"
					],
					[
						62076.9230769231,
						6,
						0,
						"Hey!"
					],
					[
						62192.3076923077,
						6,
						0,
						"Hey!"
					],
					[
						62307.6923076923,
						4,
						116
					],
					[
						62538.4615384615,
						7,
						116,
						"Hey!"
					],
					[
						60923.0769230769,
						1,
						116,
						"GF Sing"
					],
					[
						61384.6153846154,
						1,
						116,
						"GF Sing"
					],
					[
						61615.3846153846,
						2,
						116,
						"GF Sing"
					],
					[
						61846.1538461538,
						3,
						0,
						"GF Sing"
					],
					[
						62076.9230769231,
						2,
						116,
						"GF Sing"
					],
					[
						62307.6923076923,
						3,
						116,
						"GF Sing"
					],
					[
						62538.4615384615,
						1,
						116,
						"GF Sing"
					]
				],
				"lengthInSteps": 16,
				"mustHitSection": false
			},
			{
				"sectionNotes": [
					[
						62769.2307692307,
						6,
						0
					],
					[
						62884.6153846154,
						4,
						0
					],
					[
						63000,
						7,
						0
					],
					[
						63115.3846153846,
						4,
						0
					],
					[
						63230.7692307692,
						5,
						116
					],
					[
						63461.5384615384,
						6,
						0
					],
					[
						63576.923076923,
						4,
						0
					],
					[
						63692.3076923077,
						6,
						0
					],
					[
						63923.0769230769,
						6,
						0
					],
					[
						64038.4615384615,
						7,
						0
					],
					[
						64153.8461538461,
						5,
						0
					],
					[
						64269.2307692307,
						5,
						0
					],
					[
						64384.6153846154,
						6,
						116
					],
					[
						62769.2307692307,
						0,
						0,
						"GF Sing"
					],
					[
						63115.3846153846,
						1,
						0,
						"GF Sing"
					],
					[
						63346.1538461538,
						2,
						0,
						"GF Sing"
					],
					[
						63461.5384615384,
						3,
						0,
						"GF Sing"
					],
					[
						63576.923076923,
						1,
						0,
						"GF Sing"
					],
					[
						63692.3076923077,
						2,
						116,
						"GF Sing"
					],
					[
						63923.0769230769,
						0,
						0,
						"GF Sing"
					],
					[
						64038.4615384615,
						1,
						0,
						"GF Sing"
					],
					[
						64153.8461538461,
						3,
						116,
						"GF Sing"
					],
					[
						64384.6153846154,
						0,
						0,
						"GF Sing"
					]
				],
				"lengthInSteps": 16,
				"mustHitSection": false
			},
			{
				"sectionNotes": [
					[
						64615.3846153846,
						2,
						116,
						"GF Sing"
					],
					[
						64846.1538461538,
						3,
						0,
						"GF Sing"
					],
					[
						64961.5384615384,
						0,
						0,
						"GF Sing"
					],
					[
						65076.923076923,
						2,
						116,
						"GF Sing"
					],
					[
						65307.6923076923,
						1,
						0,
						"GF Sing"
					],
					[
						65538.4615384615,
						3,
						0,
						"GF Sing"
					],
					[
						65769.2307692307,
						2,
						0,
						"GF Sing"
					],
					[
						65596.1538461538,
						2,
						0,
						"GF Sing"
					],
					[
						65653.8461538461,
						0,
						0,
						"GF Sing"
					],
					[
						65711.5384615384,
						3,
						0,
						"GF Sing"
					],
					[
						65826.923076923,
						0,
						0,
						"GF Sing"
					],
					[
						65884.6153846154,
						3,
						0,
						"GF Sing"
					],
					[
						65942.3076923077,
						2,
						0,
						"GF Sing"
					],
					[
						66000,
						0,
						0,
						"GF Sing"
					],
					[
						66057.6923076923,
						1,
						0,
						"GF Sing"
					],
					[
						66115.3846153846,
						3,
						0,
						"GF Sing"
					],
					[
						66173.0769230769,
						0,
						0,
						"GF Sing"
					],
					[
						66230.7692307692,
						1,
						0,
						"GF Sing"
					],
					[
						66288.4615384615,
						3,
						0,
						"GF Sing"
					],
					[
						66346.1538461538,
						0,
						0,
						"GF Sing"
					],
					[
						66403.8461538461,
						1,
						0,
						"GF Sing"
					],
					[
						64615.3846153846,
						4,
						0,
						"Beatbox Alt Note"
					],
					[
						64730.7692307692,
						5,
						0,
						"Beatbox Alt Note"
					],
					[
						64846.1538461538,
						6,
						116,
						"Beatbox Alt Note"
					],
					[
						65076.923076923,
						4,
						116,
						"Beatbox Alt Note"
					],
					[
						65307.6923076923,
						5,
						0,
						"Beatbox Alt Note"
					],
					[
						65423.0769230769,
						7,
						0,
						"Beatbox Alt Note"
					],
					[
						65538.4615384615,
						6,
						0,
						"Beatbox Alt Note"
					],
					[
						65769.2307692307,
						6,
						0,
						"Beatbox Alt Note"
					],
					[
						65884.6153846154,
						7,
						0,
						"Beatbox Alt Note"
					],
					[
						66000,
						5,
						0,
						"Beatbox Alt Note"
					],
					[
						66173.0769230769,
						5,
						116,
						"Beatbox Alt Note"
					]
				],
				"lengthInSteps": 16,
				"mustHitSection": false
			},
			{
				"sectionNotes": [
					[
						66461.5384615384,
						1,
						116
					],
					[
						67384.6153846154,
						3,
						116
					],
					[
						67846.1538461538,
						1,
						116
					],
					[
						67615.3846153846,
						2,
						0
					],
					[
						68076.9230769231,
						0,
						0
					],
					[
						66807.6923076923,
						0,
						116
					],
					[
						67038.4615384615,
						1,
						0
					],
					[
						67153.8461538461,
						2,
						0
					],
					[
						67269.2307692308,
						0,
						0
					],
					[
						67730.7692307692,
						0,
						0
					],
					[
						66461.5384615384,
						7,
						348,
						"GF Sing"
					]
				],
				"lengthInSteps": 16,
				"mustHitSection": true
			},
			{
				"sectionNotes": [
					[
						68307.6923076923,
						1,
						116
					],
					[
						68769.2307692308,
						1,
						116
					],
					[
						69000,
						2,
						116
					],
					[
						69461.5384615384,
						2,
						116
					],
					[
						69692.3076923077,
						3,
						116
					],
					[
						69230.7692307692,
						3,
						0
					],
					[
						69923.0769230769,
						1,
						116
					]
				],
				"lengthInSteps": 16,
				"mustHitSection": true
			},
			{
				"sectionNotes": [
					[
						70153.8461538461,
						0,
						0
					],
					[
						70500,
						1,
						0
					],
					[
						70730.7692307692,
						2,
						0
					],
					[
						70846.1538461538,
						3,
						0
					],
					[
						70961.5384615384,
						1,
						0
					],
					[
						71076.923076923,
						2,
						116
					],
					[
						71538.4615384615,
						3,
						116
					],
					[
						71307.6923076923,
						0,
						0
					],
					[
						71423.0769230769,
						1,
						0
					],
					[
						71769.2307692308,
						0,
						0
					],
					[
						70384.6153846154,
						3,
						0
					]
				],
				"lengthInSteps": 16,
				"mustHitSection": true
			},
			{
				"sectionNotes": [
					[
						72000,
						2,
						116
					],
					[
						72230.7692307692,
						3,
						0
					],
					[
						72346.1538461538,
						0,
						0
					],
					[
						72461.5384615384,
						2,
						116
					],
					[
						72692.3076923077,
						1,
						0
					],
					[
						73269.2307692308,
						3,
						0
					],
					[
						72923.0769230769,
						3,
						0
					],
					[
						72980.7692307692,
						2,
						0
					],
					[
						73038.4615384615,
						0,
						0
					],
					[
						73096.1538461538,
						3,
						0
					],
					[
						73153.8461538461,
						2,
						0
					],
					[
						73211.5384615384,
						0,
						0
					],
					[
						73326.923076923,
						2,
						0
					],
					[
						73384.6153846154,
						0,
						0
					],
					[
						73442.3076923077,
						1,
						0
					],
					[
						73500,
						3,
						0
					],
					[
						73557.6923076923,
						0,
						0
					],
					[
						73615.3846153846,
						1,
						0
					],
					[
						73673.0769230769,
						3,
						0
					],
					[
						73730.7692307692,
						0,
						0
					],
					[
						73788.4615384615,
						1,
						0
					]
				],
				"lengthInSteps": 16,
				"mustHitSection": true
			},
			{
				"sectionNotes": [
					[
						73846.1538461538,
						2,
						580,
						"GF Sing"
					],
					[
						74538.4615384615,
						1,
						0,
						"GF Sing"
					],
					[
						74769.2307692307,
						3,
						0,
						"GF Sing"
					],
					[
						74884.6153846153,
						2,
						0,
						"GF Sing"
					],
					[
						74653.8461538461,
						2,
						0,
						"GF Sing"
					],
					[
						75000,
						1,
						348,
						"GF Sing"
					],
					[
						75461.5384615384,
						2,
						0,
						"GF Sing"
					],
					[
						75576.923076923,
						3,
						0,
						"GF Sing"
					]
				],
				"lengthInSteps": 16,
				"mustHitSection": false
			},
			{
				"sectionNotes": [
					[
						75692.3076923077,
						0,
						232,
						"GF Sing"
					],
					[
						76038.4615384615,
						3,
						0,
						"GF Sing"
					],
					[
						76153.8461538461,
						1,
						116,
						"GF Sing"
					],
					[
						76384.6153846153,
						2,
						0,
						"GF Sing"
					],
					[
						76615.3846153846,
						0,
						116,
						"GF Sing"
					],
					[
						76846.1538461538,
						3,
						0,
						"GF Sing"
					],
					[
						77076.923076923,
						3,
						116,
						"GF Sing"
					],
					[
						77307.6923076923,
						2,
						116,
						"GF Sing"
					],
					[
						76923.0769230769,
						2,
						0,
						"GF Sing"
					],
					[
						77000,
						1,
						0,
						"GF Sing"
					]
				],
				"lengthInSteps": 16,
				"mustHitSection": false
			},
			{
				"sectionNotes": [
					[
						77538.4615384615,
						0,
						116,
						"GF Sing"
					],
					[
						77769.2307692307,
						3,
						0,
						"GF Sing"
					],
					[
						77884.6153846153,
						2,
						0,
						"GF Sing"
					],
					[
						78000,
						1,
						0,
						"GF Sing"
					],
					[
						78115.3846153846,
						2,
						0,
						"GF Sing"
					],
					[
						78230.7692307692,
						1,
						116,
						"GF Sing"
					],
					[
						78461.5384615384,
						3,
						0,
						"GF Sing"
					],
					[
						78576.923076923,
						0,
						0,
						"GF Sing"
					],
					[
						78692.3076923077,
						1,
						0,
						"GF Sing"
					],
					[
						78807.6923076923,
						2,
						0,
						"GF Sing"
					],
					[
						78923.0769230769,
						1,
						0,
						"GF Sing"
					],
					[
						79038.4615384615,
						0,
						0,
						"GF Sing"
					],
					[
						79153.8461538461,
						3,
						116,
						"GF Sing"
					]
				],
				"lengthInSteps": 16,
				"mustHitSection": false
			},
			{
				"sectionNotes": [
					[
						79384.6153846153,
						2,
						116,
						"GF Sing"
					],
					[
						79615.3846153846,
						0,
						0,
						"GF Sing"
					],
					[
						79730.7692307692,
						3,
						0,
						"GF Sing"
					],
					[
						79846.1538461538,
						1,
						0,
						"GF Sing"
					],
					[
						79961.5384615384,
						3,
						0,
						"GF Sing"
					],
					[
						80076.923076923,
						1,
						0,
						"GF Sing"
					],
					[
						80192.3076923077,
						0,
						0,
						"GF Sing"
					],
					[
						80307.6923076923,
						2,
						116,
						"GF Sing"
					],
					[
						80538.4615384615,
						3,
						0,
						"GF Sing"
					],
					[
						80769.2307692307,
						2,
						116,
						"GF Sing"
					],
					[
						81000,
						0,
						0,
						"GF Sing"
					]
				],
				"lengthInSteps": 16,
				"mustHitSection": false
			},
			{
				"gfSection": false,
				"sectionNotes": [
					[
						81230.7692307692,
						2,
						580
					],
					[
						81923.0769230769,
						1,
						0
					],
					[
						82038.4615384615,
						2,
						0
					],
					[
						82153.8461538461,
						3,
						0
					],
					[
						82269.2307692307,
						2,
						0
					],
					[
						82384.6153846154,
						1,
						348
					],
					[
						82846.1538461538,
						2,
						0
					],
					[
						82961.5384615384,
						3,
						0
					],
					[
						81230.7692307692,
						6,
						348,
						"GF Sing"
					]
				],
				"lengthInSteps": 16,
				"mustHitSection": true
			},
			{
				"sectionNotes": [
					[
						83076.923076923,
						0,
						232
					],
					[
						83423.0769230769,
						3,
						0
					],
					[
						83538.4615384615,
						1,
						116
					],
					[
						83769.2307692307,
						2,
						0
					],
					[
						84000,
						0,
						116
					],
					[
						84230.7692307692,
						3,
						0
					],
					[
						84461.5384615384,
						3,
						116
					],
					[
						84692.3076923077,
						2,
						116
					],
					[
						83480.7692307692,
						2,
						0
					],
					[
						84307.6923076923,
						2,
						0
					],
					[
						84384.6153846153,
						1,
						0
					]
				],
				"lengthInSteps": 16,
				"mustHitSection": true
			},
			{
				"sectionNotes": [
					[
						84923.0769230769,
						0,
						116
					],
					[
						85153.8461538461,
						3,
						0
					],
					[
						85269.2307692307,
						2,
						0
					],
					[
						85384.6153846154,
						1,
						0
					],
					[
						85500,
						2,
						0
					],
					[
						86076.923076923,
						1,
						0
					],
					[
						86192.3076923077,
						2,
						0
					],
					[
						86538.4615384615,
						3,
						116
					],
					[
						85615.3846153846,
						1,
						0
					],
					[
						85730.7692307692,
						0,
						0
					],
					[
						85846.1538461538,
						3,
						116
					],
					[
						86307.6923076923,
						1,
						116
					]
				],
				"lengthInSteps": 16,
				"mustHitSection": true
			},
			{
				"sectionNotes": [
					[
						86769.2307692307,
						2,
						116
					],
					[
						87000,
						0,
						0
					],
					[
						87115.3846153846,
						3,
						0
					],
					[
						87230.7692307692,
						1,
						0
					],
					[
						87346.1538461538,
						3,
						0
					],
					[
						87461.5384615384,
						1,
						0
					],
					[
						87576.923076923,
						0,
						0
					],
					[
						87692.3076923077,
						2,
						116
					],
					[
						87923.0769230769,
						3,
						0
					],
					[
						88153.8461538461,
						2,
						116
					],
					[
						88384.6153846153,
						0,
						0
					]
				],
				"lengthInSteps": 16,
				"mustHitSection": true
			},
			{
				"sectionNotes": [
					[
						88846.1538461538,
						0,
						0
					],
					[
						88961.5384615385,
						0,
						0
					],
					[
						89076.9230769231,
						2,
						0
					],
					[
						89307.6923076923,
						3,
						0
					],
					[
						89538.4615384615,
						1,
						0
					],
					[
						89769.2307692308,
						2,
						0
					],
					[
						90000,
						0,
						0
					],
					[
						90230.7692307692,
						2,
						350
					],
					[
						88615.3846153846,
						7,
						348
					]
				],
				"lengthInSteps": 16,
				"mustHitSection": false
			},
			{
				"sectionNotes": [
					[
						90692.3076923077,
						1,
						0
					],
					[
						90807.6923076923,
						1,
						0
					],
					[
						90923.0769230769,
						2,
						0
					],
					[
						91153.8461538462,
						0,
						0
					],
					[
						91384.6153846154,
						1,
						0
					],
					[
						91442.3076923077,
						3,
						232
					],
					[
						91846.1538461538,
						2,
						118
					],
					[
						92076.9230769231,
						0,
						116
					]
				],
				"lengthInSteps": 16,
				"mustHitSection": false
			},
			{
				"sectionNotes": [
					[
						92307.6923076923,
						3,
						0
					],
					[
						92538.4615384615,
						0,
						0
					],
					[
						92653.8461538462,
						3,
						0
					],
					[
						92769.2307692308,
						2,
						0
					],
					[
						93000,
						0,
						0
					],
					[
						93230.7692307692,
						1,
						348
					],
					[
						93692.3076923077,
						2,
						0
					],
					[
						93923.0769230769,
						3,
						0
					],
					[
						93807.6923076923,
						0,
						0
					],
					[
						94038.4615384615,
						2,
						0
					]
				],
				"lengthInSteps": 16,
				"mustHitSection": false
			},
			{
				"sectionNotes": [
					[
						94153.8461538462,
						0,
						116
					],
					[
						94384.6153846154,
						2,
						0
					],
					[
						94500,
						3,
						0
					],
					[
						94615.3846153846,
						2,
						116
					],
					[
						94846.1538461538,
						1,
						116
					],
					[
						95076.9230769231,
						3,
						116
					],
					[
						95307.6923076923,
						0,
						0
					],
					[
						95423.0769230769,
						2,
						0
					],
					[
						95538.4615384615,
						0,
						0
					],
					[
						95653.8461538462,
						1,
						0
					],
					[
						95769.2307692308,
						0,
						0
					],
					[
						95884.6153846154,
						2,
						0
					],
					[
						95942.3076923077,
						1,
						0
					]
				],
				"lengthInSteps": 16,
				"mustHitSection": false
			},
			{
				"sectionNotes": [
					[
						96000,
						7,
						582
					],
					[
						96923.0769230769,
						5,
						348
					],
					[
						97384.6153846154,
						6,
						348
					],
					[
						96230.7692307692,
						0,
						0
					],
					[
						96346.1538461539,
						0,
						0
					],
					[
						96461.5384615385,
						2,
						0
					],
					[
						96692.3076923077,
						3,
						0
					],
					[
						96923.0769230769,
						1,
						0
					],
					[
						97153.8461538462,
						2,
						0
					],
					[
						97384.6153846154,
						0,
						0
					],
					[
						97615.3846153846,
						2,
						350
					],
					[
						96692.3076923076,
						6,
						116
					]
				],
				"lengthInSteps": 16,
				"mustHitSection": true
			},
			{
				"sectionNotes": [
					[
						98076.9230769231,
						1,
						0
					],
					[
						98192.3076923077,
						1,
						0
					],
					[
						98307.6923076923,
						2,
						0
					],
					[
						98538.4615384615,
						0,
						0
					],
					[
						98769.2307692308,
						1,
						0
					],
					[
						98826.9230769231,
						3,
						232
					],
					[
						99230.7692307692,
						2,
						118
					],
					[
						99461.5384615385,
						0,
						116
					],
					[
						97846.1538461539,
						4,
						348
					],
					[
						98538.4615384615,
						5,
						0
					],
					[
						98769.2307692308,
						7,
						348
					],
					[
						99230.7692307692,
						6,
						116
					],
					[
						99461.5384615384,
						7,
						116
					]
				],
				"lengthInSteps": 16,
				"mustHitSection": true
			},
			{
				"sectionNotes": [
					[
						99692.3076923077,
						3,
						0
					],
					[
						99923.0769230769,
						0,
						0
					],
					[
						100038.461538462,
						3,
						0
					],
					[
						100153.846153846,
						2,
						0
					],
					[
						100384.615384615,
						0,
						0
					],
					[
						100615.384615385,
						1,
						348
					],
					[
						101076.923076923,
						2,
						0
					],
					[
						101307.692307692,
						3,
						0
					],
					[
						101192.307692308,
						0,
						0
					],
					[
						101423.076923077,
						2,
						0
					],
					[
						99692.3076923077,
						4,
						348
					],
					[
						100153.846153846,
						6,
						116
					],
					[
						100384.615384615,
						7,
						116
					],
					[
						100615.384615385,
						5,
						348
					],
					[
						101307.692307692,
						7,
						116
					]
				],
				"lengthInSteps": 16,
				"mustHitSection": true
			},
			{
				"sectionNotes": [
					[
						101538.461538462,
						4,
						116
					],
					[
						101769.230769231,
						6,
						0
					],
					[
						101884.615384615,
						7,
						0
					],
					[
						102000,
						6,
						116
					],
					[
						102230.769230769,
						5,
						116
					],
					[
						102461.538461538,
						7,
						116
					],
					[
						102692.307692308,
						4,
						0
					],
					[
						102807.692307692,
						6,
						0
					],
					[
						102923.076923077,
						4,
						0
					],
					[
						103038.461538462,
						5,
						0
					],
					[
						103153.846153846,
						4,
						0
					],
					[
						103269.230769231,
						6,
						0
					],
					[
						103326.923076923,
						5,
						0
					],
					[
						101538.461538462,
						1,
						116
					],
					[
						101769.230769231,
						2,
						116
					],
					[
						102000,
						1,
						116
					],
					[
						102230.769230769,
						0,
						116
					],
					[
						102461.538461538,
						2,
						348
					],
					[
						102923.076923077,
						0,
						0
					],
					[
						103038.461538462,
						3,
						0
					],
					[
						103153.846153846,
						0,
						0
					],
					[
						103269.230769231,
						2,
						0
					],
					[
						103326.923076923,
						1,
						0
					]
				],
				"lengthInSteps": 16,
				"mustHitSection": false
			},
			{
				"sectionNotes": [
					[
						103384.615384615,
						7,
						464
					],
					[
						103384.615384615,
						3,
						464
					]
				],
				"lengthInSteps": 16,
				"mustHitSection": false
			},
			{
				"sectionNotes": [],
				"lengthInSteps": 16,
				"mustHitSection": false
			},
			{
				"sectionNotes": [],
				"lengthInSteps": 16,
				"mustHitSection": true
			},
			{
				"sectionNotes": [],
				"lengthInSteps": 16,
				"mustHitSection": true
			},
			{
				"sectionNotes": [],
				"lengthInSteps": 16,
				"mustHitSection": false
			},
			{
				"sectionNotes": [],
				"lengthInSteps": 16,
				"mustHitSection": false
			},
			{
				"sectionNotes": [],
				"lengthInSteps": 16,
				"mustHitSection": true
			},
			{
				"sectionNotes": [],
				"lengthInSteps": 16,
				"mustHitSection": true
			},
			{
				"sectionNotes": [],
				"lengthInSteps": 16,
				"mustHitSection": true
			},
			{
				"sectionNotes": [],
				"lengthInSteps": 16,
				"mustHitSection": false
			},
			{
				"sectionNotes": [],
				"lengthInSteps": 16,
				"mustHitSection": false
			},
			{
				"sectionNotes": [],
				"lengthInSteps": 16,
				"mustHitSection": false
			},
			{
				"sectionNotes": [],
				"lengthInSteps": 16,
				"mustHitSection": false
			},
			{
				"sectionNotes": [],
				"lengthInSteps": 16,
				"mustHitSection": false
			},
			{
				"sectionNotes": [],
				"lengthInSteps": 16,
				"mustHitSection": false
			},
			{
				"sectionNotes": [],
				"lengthInSteps": 16,
				"mustHitSection": false
			},
			{
				"sectionNotes": [],
				"lengthInSteps": 16,
				"mustHitSection": false
			},
			{
				"sectionNotes": [],
				"lengthInSteps": 16,
				"mustHitSection": false
			},
			{
				"typeOfSection": 0,
				"sectionNotes": [],
				"sectionBeats": 4,
				"altAnim": false,
				"gfSection": false,
				"bpm": 165,
				"changeBPM": false,
				"mustHitSection": false
			},
			{
				"sectionBeats": 4,
				"sectionNotes": [],
				"typeOfSection": 0,
				"gfSection": false,
				"altAnim": false,
				"mustHitSection": false,
				"changeBPM": false,
				"bpm": 190
			},
			{
				"sectionBeats": 4,
				"sectionNotes": [],
				"typeOfSection": 0,
				"gfSection": false,
				"altAnim": false,
				"mustHitSection": false,
				"changeBPM": false,
				"bpm": 191
			},
			{
				"sectionBeats": 4,
				"sectionNotes": [],
				"typeOfSection": 0,
				"gfSection": false,
				"altAnim": false,
				"mustHitSection": false,
				"changeBPM": false,
				"bpm": 191
			},
			{
				"sectionBeats": 4,
				"sectionNotes": [],
				"typeOfSection": 0,
				"gfSection": false,
				"altAnim": false,
				"mustHitSection": false,
				"changeBPM": false,
				"bpm": 191
			},
			{
				"sectionBeats": 4,
				"sectionNotes": [],
				"typeOfSection": 0,
				"gfSection": false,
				"altAnim": false,
				"mustHitSection": false,
				"changeBPM": false,
				"bpm": 191
			},
			{
				"sectionBeats": 4,
				"sectionNotes": [],
				"typeOfSection": 0,
				"gfSection": false,
				"altAnim": false,
				"mustHitSection": false,
				"changeBPM": false,
				"bpm": 191
			},
			{
				"typeOfSection": 0,
				"sectionNotes": [],
				"sectionBeats": 4,
				"altAnim": false,
				"gfSection": false,
				"bpm": 191,
				"changeBPM": false,
				"mustHitSection": false
			},
			{
				"typeOfSection": 0,
				"sectionNotes": [],
				"sectionBeats": 4,
				"altAnim": false,
				"gfSection": false,
				"bpm": 191,
				"changeBPM": false,
				"mustHitSection": false
			},
			{
				"typeOfSection": 0,
				"sectionNotes": [],
				"sectionBeats": 4,
				"altAnim": false,
				"gfSection": false,
				"bpm": 191,
				"changeBPM": false,
				"mustHitSection": false
			},
			{
				"sectionBeats": 4,
				"sectionNotes": [],
				"typeOfSection": 0,
				"gfSection": false,
				"altAnim": false,
				"mustHitSection": false,
				"changeBPM": false,
				"bpm": 191
			},
			{
				"sectionBeats": 4,
				"sectionNotes": [],
				"typeOfSection": 0,
				"gfSection": false,
				"altAnim": false,
				"mustHitSection": false,
				"changeBPM": false,
				"bpm": 191
			},
			{
				"sectionBeats": 4,
				"sectionNotes": [],
				"typeOfSection": 0,
				"gfSection": false,
				"altAnim": false,
				"mustHitSection": false,
				"changeBPM": false,
				"bpm": 191
			},
			{
				"sectionBeats": 4,
				"sectionNotes": [],
				"typeOfSection": 0,
				"gfSection": false,
				"altAnim": false,
				"mustHitSection": false,
				"changeBPM": false,
				"bpm": 191
			},
			{
				"sectionBeats": 4,
				"sectionNotes": [],
				"typeOfSection": 0,
				"gfSection": false,
				"altAnim": false,
				"mustHitSection": false,
				"changeBPM": false,
				"bpm": 191
			},
			{
				"sectionBeats": 4,
				"sectionNotes": [],
				"typeOfSection": 0,
				"gfSection": false,
				"altAnim": false,
				"mustHitSection": false,
				"changeBPM": false,
				"bpm": 191
			},
			{
				"sectionBeats": 4,
				"sectionNotes": [],
				"typeOfSection": 0,
				"gfSection": false,
				"altAnim": false,
				"mustHitSection": false,
				"changeBPM": false,
				"bpm": 191
			},
			{
				"sectionBeats": 4,
				"sectionNotes": [],
				"typeOfSection": 0,
				"gfSection": false,
				"altAnim": false,
				"mustHitSection": false,
				"changeBPM": false,
				"bpm": 191
			},
			{
				"sectionBeats": 4,
				"sectionNotes": [],
				"typeOfSection": 0,
				"gfSection": false,
				"altAnim": false,
				"mustHitSection": false,
				"changeBPM": false,
				"bpm": 191
			},
			{
				"sectionBeats": 4,
				"sectionNotes": [],
				"typeOfSection": 0,
				"gfSection": false,
				"altAnim": false,
				"mustHitSection": false,
				"changeBPM": false,
				"bpm": 191
			},
			{
				"sectionBeats": 4,
				"sectionNotes": [],
				"typeOfSection": 0,
				"gfSection": false,
				"altAnim": false,
				"mustHitSection": false,
				"changeBPM": false,
				"bpm": 191
			},
			{
				"sectionBeats": 4,
				"sectionNotes": [],
				"typeOfSection": 0,
				"gfSection": false,
				"altAnim": false,
				"mustHitSection": false,
				"changeBPM": false,
				"bpm": 191
			},
			{
				"sectionBeats": 4,
				"sectionNotes": [],
				"typeOfSection": 0,
				"gfSection": false,
				"altAnim": false,
				"mustHitSection": false,
				"changeBPM": false,
				"bpm": 191
			},
			{
				"sectionBeats": 4,
				"sectionNotes": [],
				"typeOfSection": 0,
				"gfSection": false,
				"altAnim": false,
				"mustHitSection": false,
				"changeBPM": false,
				"bpm": 191
			},
			{
				"sectionBeats": 4,
				"sectionNotes": [],
				"typeOfSection": 0,
				"gfSection": false,
				"altAnim": false,
				"mustHitSection": false,
				"changeBPM": false,
				"bpm": 191
			},
			{
				"sectionBeats": 4,
				"sectionNotes": [],
				"typeOfSection": 0,
				"gfSection": false,
				"altAnim": false,
				"mustHitSection": false,
				"changeBPM": false,
				"bpm": 191
			},
			{
				"sectionBeats": 4,
				"sectionNotes": [],
				"typeOfSection": 0,
				"gfSection": false,
				"altAnim": false,
				"mustHitSection": false,
				"changeBPM": false,
				"bpm": 191
			},
			{
				"sectionBeats": 4,
				"sectionNotes": [],
				"typeOfSection": 0,
				"gfSection": false,
				"altAnim": false,
				"mustHitSection": true,
				"changeBPM": false,
				"bpm": 191
			},
			{
				"sectionBeats": 4,
				"sectionNotes": [],
				"typeOfSection": 0,
				"gfSection": false,
				"altAnim": false,
				"mustHitSection": true,
				"changeBPM": false,
				"bpm": 191
			},
			{
				"typeOfSection": 0,
				"sectionNotes": [],
				"sectionBeats": 4,
				"altAnim": false,
				"gfSection": false,
				"bpm": 191,
				"changeBPM": false,
				"mustHitSection": true
			},
			{
				"typeOfSection": 0,
				"sectionNotes": [],
				"sectionBeats": 4,
				"altAnim": false,
				"gfSection": false,
				"bpm": 191,
				"changeBPM": false,
				"mustHitSection": true
			},
			{
				"typeOfSection": 0,
				"sectionNotes": [],
				"sectionBeats": 4,
				"altAnim": false,
				"gfSection": false,
				"bpm": 191,
				"changeBPM": false,
				"mustHitSection": true
			},
			{
				"typeOfSection": 0,
				"sectionNotes": [],
				"sectionBeats": 4,
				"altAnim": false,
				"gfSection": false,
				"bpm": 191,
				"changeBPM": false,
				"mustHitSection": true
			},
			{
				"typeOfSection": 0,
				"sectionNotes": [],
				"sectionBeats": 4,
				"altAnim": false,
				"gfSection": false,
				"bpm": 191,
				"changeBPM": false,
				"mustHitSection": true
			},
			{
				"typeOfSection": 0,
				"sectionNotes": [],
				"sectionBeats": 4,
				"altAnim": false,
				"gfSection": false,
				"bpm": 191,
				"changeBPM": false,
				"mustHitSection": true
			},
			{
				"typeOfSection": 0,
				"sectionNotes": [],
				"sectionBeats": 4,
				"altAnim": false,
				"gfSection": false,
				"bpm": 191,
				"changeBPM": false,
				"mustHitSection": true
			},
			{
				"sectionBeats": 4,
				"sectionNotes": [],
				"typeOfSection": 0,
				"gfSection": false,
				"altAnim": false,
				"mustHitSection": true,
				"changeBPM": false,
				"bpm": 191
			},
			{
				"sectionBeats": 4,
				"sectionNotes": [],
				"typeOfSection": 0,
				"gfSection": false,
				"altAnim": false,
				"mustHitSection": true,
				"changeBPM": false,
				"bpm": 191
			},
			{
				"sectionBeats": 4,
				"sectionNotes": [],
				"typeOfSection": 0,
				"gfSection": false,
				"altAnim": false,
				"mustHitSection": true,
				"changeBPM": false,
				"bpm": 191
			},
			{
				"sectionBeats": 4,
				"sectionNotes": [],
				"typeOfSection": 0,
				"gfSection": false,
				"altAnim": false,
				"mustHitSection": true,
				"changeBPM": false,
				"bpm": 191
			},
			{
				"sectionBeats": 4,
				"sectionNotes": [],
				"typeOfSection": 0,
				"gfSection": false,
				"altAnim": false,
				"mustHitSection": true,
				"changeBPM": false,
				"bpm": 191
			},
			{
				"sectionBeats": 4,
				"sectionNotes": [],
				"typeOfSection": 0,
				"gfSection": false,
				"altAnim": false,
				"mustHitSection": true,
				"changeBPM": false,
				"bpm": 191
			},
			{
				"sectionBeats": 4,
				"sectionNotes": [],
				"typeOfSection": 0,
				"gfSection": false,
				"altAnim": false,
				"mustHitSection": true,
				"changeBPM": false,
				"bpm": 191
			},
			{
				"sectionBeats": 4,
				"sectionNotes": [],
				"typeOfSection": 0,
				"gfSection": false,
				"altAnim": false,
				"mustHitSection": true,
				"changeBPM": false,
				"bpm": 191
			},
			{
				"typeOfSection": 0,
				"sectionNotes": [],
				"sectionBeats": 4,
				"altAnim": false,
				"gfSection": false,
				"bpm": 191,
				"changeBPM": false,
				"mustHitSection": true
			},
			{
				"typeOfSection": 0,
				"sectionNotes": [],
				"sectionBeats": 4,
				"altAnim": false,
				"gfSection": false,
				"bpm": 191,
				"changeBPM": false,
				"mustHitSection": true
			},
			{
				"typeOfSection": 0,
				"sectionNotes": [],
				"sectionBeats": 4,
				"altAnim": false,
				"gfSection": false,
				"bpm": 191,
				"changeBPM": false,
				"mustHitSection": true
			},
			{
				"typeOfSection": 0,
				"sectionNotes": [],
				"sectionBeats": 4,
				"altAnim": false,
				"gfSection": false,
				"bpm": 191,
				"changeBPM": false,
				"mustHitSection": true
			},
			{
				"typeOfSection": 0,
				"sectionNotes": [],
				"sectionBeats": 4,
				"altAnim": false,
				"gfSection": false,
				"bpm": 191,
				"changeBPM": false,
				"mustHitSection": true
			}
		],
		"player2": "pomni_playable",
		"player3": null,
		"disableNoteRGB": false,
		"song": "Digitalizing 2",
		"stage": "digit",
		"needsVoices": true,
		"validScore": true,
		"arrowSkin": "",
		"bpm": 130,
		"speed": 2.9
	}
}